Komentar,Kategori,Preprocessed Text,Sentiment
 kaka tidur yaa  udah pagi  gaboleh capek  ,Non-bullying,kaka tidur yaa udah pagi gaboleh capek,non-bulliying
 makan nasi padang aja begini badannya ,Non-bullying,makan nasi padang aja badannya,non-bulliying
 yang aku suka dari dia adalah selalu cukur jembut sebelum manggung ,Bullying,suka cukur jembut manggung,bulliying
 hai kak isyana aku ngefans banget sama kak isyana aku paling suka lagu kak isyana itu lagu tetap didalam jiwa ,Non-bullying,hai kak isyana ngefans banget kak isyana suka lagu kak isyana lagu didalam jiwa,non-bulliying
 manusia apa bidadari sih herann deh cantik terus     ,Non-bullying,manusia bidadari sih herann deh cantik,non-bulliying
  ayu kinantii isyan skrg berubah ya   baju nya nakal ,Bullying,ayu kinantii isyan skrg berubah ya baju nya nakal,non-bulliying
 gemesnya isyan kayak tango  berlapis lapis ciaaaa ,Non-bullying,gemesnya isyan kayak tango berlapis lapis ciaaaa,non-bulliying
 makin jelek aja anaknya  padahal ibu ayahnya cakep  ,Bullying,jelek aja anaknya ayahnya cakep,bulliying
 kok anaknya kayak udah tua gitu ya mukanya kk tasya ,Bullying,anaknya kayak udah tua gitu ya mukanya kk tasya,bulliying
 muka anak nya ko tua banget yaa   gk ngegemesin gk ada lucu nya ,Bullying,muka anak nya ko tua banget yaa gk ngegemesin gk lucu nya,bulliying
 muka nya muka kolot wkwk bukan muka bayi  lucu gt ,Bullying,muka nya muka kolot wkwk muka bayi lucu gt,bulliying
 udah gila sekarang ini orang wkwk  udah jomblo jadi psikolog ga laku  ya jadilah seperti itu ,Bullying,udah gila orang wkwk udah jomblo psikolog ga laku ya,bulliying
 lo sintingnya udah tingkat dewa ,Bullying,lo sintingnya udah tingkat dewa,bulliying
 sepertinya lutfi setelah putus dgn salsa seperti orang stress ,Bullying,lutfi putus dgn salsa orang stress,bulliying
 anak tolol ini mulai aktif ya bund ,Bullying,anak tolol aktif ya bund,bulliying
 bisa mati aja ga  gedeg gua liat lu  anjim ,Bullying,mati aja ga gedeg gua liat lu anjim,bulliying
 woy lutfi asu   sok asik lo anjing   ,Bullying,woy lutfi asu sok asik lo anjing,bulliying
 apasih kontol berantem aja lah ayo bngst  lutfiagizal ,Bullying,apasih kontol berantem aja ayo bngst lutfiagizal,bulliying
 ibu kamu pelakor plus hamil di luar nikah ya  pantesan anaknya kyk gini modelannya ,Bullying,pelakor plus hamil nikah ya pantesan anaknya kyk gini modelannya,bulliying
 anaknya udh pinter  maknya yang kelempengan   berasa masih baby  tingginya azka aj melebihi mamanya   ,Bullying,anaknya udh pinter maknya kelempengan berasa baby tingginya azka aj melebihi mamanya,bulliying
 anak yg cerdas terbentuk dr pola asuh sekaligus pola didik ortu yg cerdas pula sih pada saranya  sesimple itu ,Non-bullying,anak yg cerdas terbentuk dr pola asuh pola didik ortu yg cerdas sih saranya sesimple,non-bulliying
 setengah iri setengah jadi motivasi ini ,Non-bullying,iri motivasi,non-bulliying
 ancur hidup lu kalau sama dia  sumpah   ,Bullying,ancur hidup lu sumpah,bulliying
 serem banget muka lo mel kayak ayam potong merah banget ,Bullying,serem banget muka lo mel kayak ayam potong merah banget,bulliying
 yaudah jd pengusaha kuliner aja gausah artis  makanannya emang bikin ngiler sih wkwkw ,Non-bullying,yaudah jd pengusaha kuliner aja gausah artis makanannya emang bikin ngiler sih wkwkw,non-bulliying
 kamu emang cocoknya jadi pengusaha kuliner udah fixs  semoha lancat terusssss ,Non-bullying,emang cocoknya pengusaha kuliner udah fixs semoha lancat terusssss,non-bulliying
 tak sejelek image owner ya    artis ups bukan artis  hallo secara tidak langsung semua orang itu tau image lu jelek gentong  ,Bullying,sejelek image owner ya artis ups artis hallo langsung orang tau image lu jelek gentong,bulliying
 apaan sih gak jelas hidupnya ,Bullying,sih gak hidupnya,bulliying
 sebelum aku unfoll  aku mau bilang najissss ,Bullying,unfoll bilang najissss,bulliying
 muka lu sensual tapi norak kenapa dah ,Bullying,muka lu sensual norak dah,bulliying
 udah gk jaman ngebully orang hey netizen mending ngaca dari kekurangan sendiri ,Non-bullying,udah gk jaman ngebully orang hey netizen mending ngaca kekurangan,non-bulliying
 kalau pas penempatannya  sebenernya kamu imut banget loh mel  ,Non-bullying,pas penempatannya sebenernya imut banget loh mel,non-bulliying
 cakep kaga jelek iya hahah ,Bullying,cakep kaga jelek iya hahah,bulliying
 jari jari kaki kayak jarinya tukang panggul ,Bullying,jari jari kaki kayak jarinya tukang panggul,bulliying
 kakinya kek lagi hamil tua ya bun  semacam kaki gajah  ayuugsia ,Bullying,kakinya kek hamil tua ya bun kaki gajah ayuugsia,bulliying
 suka heran sama yg ngehina fisik   ternyata bener ya kita semua pendosa dengan cara kita sendiri   ,Non-bullying,suka heran yg ngehina fisik bener ya pendosa,non-bulliying
 ini diedit biar langsing padahal mah klo live bomber badannya ,Bullying,diedit biar langsing mah klo live bomber badannya,non-bulliying
 kakinya gedong sayyy kek kaki jantan  upp kan dia suka berbaur ama warwerwor   mahluk astral   yg kakinya gedong ,Bullying,kakinya gedong sayyy kek kaki jantan upp suka berbaur ama warwerwor mahluk astral yg kakinya gedong,bulliying
 bagusan foto pakai masker drpd gak pakai masker ,Non-bullying,bagusan foto pakai masker drpd gak pakai masker,non-bulliying
  rosameldianti  kakak foto sebelum ini  kenapa memeknya keliatan tebal     memeknya kakak lagi bengkak yah    ,Bullying,rosameldianti kakak foto memeknya keliatan tebal memeknya kakak bengkak yah,bulliying
 bra nya kedodoran kak make ukuran gede yaa ,Bullying,bra nya kedodoran kak make ukuran gede yaa,non-bulliying
 nah ini cantik seneng  usahanya membuahkan hasil  semangat ya mel semoga menjadi pribadi yang lebih baik lagi ,Non-bullying,cantik seneng usahanya membuahkan hasil semangat ya mel semoga pribadi,non-bulliying
 mba bisa gk sih  kalau gk merem melek gitu matanya kaya orang cacingan ,Bullying,mba gk sih gk merem melek gitu matanya kaya orang cacingan,bulliying
 semoga lancar terus usahanya mel ,Non-bullying,semoga lancar usahanya mel,non-bulliying
 cantik banget kalo meldi muka natural kek gini ,Non-bullying,cantik banget kalo meldi muka natural kek gini,non-bulliying
 lu diem aja cantik mel kalo ga banyak gaya serius ,Non-bullying,lu diem aja cantik mel kalo ga gaya serius,non-bulliying
 kaku kek kanebo kering hahaha ,Bullying,kaku kek kanebo kering hahaha,bulliying
 semakin glowing say  natural kayak gini bagus tambahin prestasi nya ya say ,Non-bullying,glowing say natural kayak gini bagus tambahin prestasi nya ya say,non-bulliying
 meldi  emaknya buka klinik totok aura kayaknya anaknya gak pernah ditotok ya  auranya gak keliatan yg ada malah butek ,Bullying,meldi emaknya buka klinik totok aura kayaknya anaknya gak ditotok ya auranya gak keliatan yg butek,bulliying
 karena muka lo pasaran mel  di pasar sapi juga ada yang mirip noh ,Bullying,muka lo pasaran mel pasar sapi noh,bulliying
 maap kalau gua sering nyamain lu sama dugong soalnya emang mirip ,Bullying,maap gua nyamain lu dugong emang,bulliying
 iya lo kamu mirip monyet mel ,Bullying,iya lo monyet mel,bulliying
 bagusan pantat panci aing atuh anjir ,Bullying,bagusan pantat panci aing atuh anjir,bulliying
 ya emang ga ada yang sama soalnya muka kamu sama dengan muka badak  muka beton  ga ada malu    ,Bullying,ya emang ga muka muka badak muka beton ga malu,bulliying
 kok mbak meldi sekarang tambah cantik ya rahasianya apa   ,Non-bullying,mbak meldi cantik ya rahasianya,non-bulliying
 lengannya gempal banget sih haha ,Bullying,lengannya gempal banget sih haha,bulliying
 fix yang komen semua nyela ,Non-bullying,fix komen nyela,non-bulliying
 udah ka gausah digubris gausah dipikirin  bersyukur aja sama nikmat tuhan yang udah dikasih ke kaka  gausah juga ngatain orang ka  tetep bersyukur atas nikmatnya ,Non-bullying,udah ka gausah digubris gausah dipikirin bersyukur aja nikmat tuhan udah dikasih kaka gausah ngatain orang ka tetep bersyukur nikmatnya,non-bulliying
 jari jari nya gede gede banget  apalagi pas ngiklan makan ikan danau hambar  jarinya kayak jempol semua hawak bener ,Bullying,jari jari nya gede gede banget pas ngiklan makan ikan danau hambar jarinya kayak jempol hawak bener,bulliying
 jangan disamain muka  rosameldianti  sama orang oi  mintanya disamain sama babi ,Bullying,disamain muka rosameldianti orang oi mintanya disamain babi,bulliying
 ga ada yang dibawah meldi  semuanya setara  ada kekurangan ada kelebihan ,Non-bullying,ga dibawah meldi setara kekurangan kelebihan,non-bulliying
 ka mel gausah merendahkan orang lain  bersyukur aja diatas langit juga masih ada langit lagi ,Non-bullying,ka mel gausah merendahkan orang bersyukur aja diatas langit langit,non-bulliying
 mukanya kalau gak dibantu kamera dekil dan kumel ,Bullying,mukanya gak dibantu kamera dekil kumel,bulliying
 semua wanita cantik  jangan suka merasa lebih ah ,Non-bullying,wanita cantik suka ah,non-bulliying
 meldi udah dapat kontrak endorse skincare ya tapi kok mukanya tetap jelek si  ,Bullying,meldi udah kontrak endorse skincare ya mukanya jelek si,bulliying
 gila netizen pada sempurna ngehina orang terus ,Non-bullying,gila netizen sempurna ngehina orang,non-bulliying
 semua dah pada ngembang  habis di berapa cowo meldi     enak ya di otak atik ,Bullying,dah ngembang habis cowo meldi enak ya otak atik,bulliying
 karena muka kayak elo pasaran dan murah  ,Bullying,muka kayak elo pasaran murah,bulliying
 muka buluk kepedean lagi   muka udah tua ,Bullying,muka buluk kepedean muka udah tua,bulliying
 muka lu kaya tai wkwkwk ,Bullying,muka lu kaya tai wkwkwk,bulliying
 sakit jiwa ini upil gajah  kasihan ,Bullying,sakit jiwa upil gajah kasihan,bulliying
 jelek macam buntut kuali hahaha ,Bullying,jelek buntut kuali hahaha,bulliying
 meldi tambah kurusan sekarang ya    cantik walaupun tanpa make up  ,Non-bullying,meldi kurusan ya cantik make up,non-bulliying
 elu juga semoga semakinlebih baik dalam segala hal  terutama akhlak dan etikanya ,Non-bullying,elu semoga semakinlebih akhlak etikanya,non-bulliying
 mbak mell sehat dan sukses ya ,Non-bullying,mbak mell sehat sukses ya,non-bulliying
 aamiin  doa baik juga untuk meldi ,Non-bullying,aamiin doa meldi,non-bulliying
 selamat tahun baru mbak  semoga jadi pribadi yang lebih baik amin ,Non-bullying,selamat mbak semoga pribadi amin,non-bulliying
 meldi ini lama lama cantik loh tinggal dibenerin akhlak dan adabnya pasti makin sip ,Non-bullying,meldi cantik loh tinggal dibenerin akhlak adabnya sip,non-bulliying
 pengambilan fotonya sudah bagus mantap dan keren   tinggal pengambilan arwah nya aja yang belum ,Bullying,pengambilan fotonya bagus mantap keren tinggal pengambilan arwah nya aja,non-bulliying
 nggak ada cantik cantik nya hahaha ,Bullying,nggak cantik cantik nya hahaha,non-bulliying
 kasian editornya sih ini  nanggung dosa banget kayaknya ngeditnya offside gini ,Bullying,kasian editornya sih nanggung dosa banget kayaknya ngeditnya offside gini,bulliying
 lama lama mirip dewi persik ya ,Non-bullying,dewi persik ya,non-bulliying
 pada julid padahal kan meldi gak nyusahin kalian ,Non-bullying,julid meldi gak nyusahin,bulliying
 ini foto apa w masukin museum aja ya ga ada pantas nya ,Bullying,foto w masukin museum aja ya ga nya,bulliying
 nggak ngumpul bareng mami isa lagi kan kamu yang paling gembrot disana ,Bullying,nggak ngumpul bareng mami isa gembrot disana,bulliying
 lagu lu ga ada yang laku ya mel   ,Bullying,lagu lu ga laku ya mel,non-bulliying
 lututnya masih hitam gosok maning biar tambah cling dan cantik ,Bullying,lututnya hitam gosok maning biar cling cantik,bulliying
 suka heran sama warga     sukanya ngehujat orang mulu  dapat pahala kagak dosa mah iya ,Non-bullying,suka heran warga sukanya ngehujat orang mulu pahala kagak dosa mah iya,non-bulliying
 tambah cantik aja rosa meldianti ,Non-bullying,cantik aja rosa meldianti,non-bulliying
 jadi diri sendiri  jangan jadi ular apalagi dugong ,Bullying,ular dugong,bulliying
 saya kok suka ya sama mereka harmonis ,Non-bullying,suka ya harmonis,non-bulliying
 cantik banget kalau pakai baju kayak gitu ,Non-bullying,cantik banget pakai baju kayak gitu,non-bulliying
 jujur ya kamu kalo anteng ga buat masalah cantik mel ,Non-bullying,jujur ya kalo anteng ga cantik mel,non-bulliying
 cowoknya ga ada cakep cakepnya ,Bullying,cowoknya ga cakep cakepnya,non-bulliying
 di foto tirus   kalo di video wariorr kok mukanya kek donat gak ada bentuknya ,Bullying,foto tirus kalo video wariorr mukanya kek donat gak bentuknya,bulliying
 dari sekian banyak foto yang diposting  ini yang paling cantik ,Non-bullying,sekian foto diposting cantik,non-bulliying
 artis abal abal   muka putih tangan hitam  ager  atm nya udah isi berapa sekarang ,Bullying,artis abal abal muka putih tangan hitam ager atm nya udah isi,bulliying
 itu muka kayak penuh tekanan banget ,Bullying,muka kayak penuh tekanan banget,bulliying
  rosameldianti  cowokmu wajah nya culun dan cupu kayak om  ,Bullying,rosameldianti cowokmu wajah nya culun cupu kayak om,bulliying
 masyaallah cantik terlihat sopan dan anggun ,Non-bullying,masyaallah cantik sopan anggun,non-bulliying
 kang ojek kali belang tangannya ,Bullying,kang ojek kali belang tangannya,bulliying
 seneng liat pasangan ini cewenya di hujat   indonesia tapi dia tetep setia nemenin ,Non-bullying,seneng liat pasangan cewenya hujat indonesia tetep setia nemenin,non-bulliying
 dia memutuskan menjadi tumbal apartment ,Bullying,memutuskan tumbal apartment,bulliying
 makin cantik mel  semangat dietnyaa ,Non-bullying,cantik mel semangat dietnyaa,non-bulliying
 itu tangan apa paha haha   ,Bullying,tangan paha haha,bulliying
 mel disini kamu keliatan cakep ,Non-bullying,mel keliatan cakep,non-bulliying
 mukanya kayak lagi ngeden pas boker ,Bullying,mukanya kayak ngeden pas boker,bulliying
 aduuh   terlalu halu   hhahaha lebay editan nyaa lemak kemana lemak  hahhaaa   mimpi ketinggian   ,Bullying,aduuh halu hhahaha lebay editan nyaa lemak kemana lemak hahhaaa mimpi ketinggian,bulliying
 salfok sama kaki  tapi cantik banget asli ,Non-bullying,salfok kaki cantik banget asli,non-bulliying
   dy     buset cantik diedit aja mba  coba dah aslinya dah kayak buntelan kentut  ,Bullying,dy buset cantik diedit aja mba coba dah aslinya dah kayak buntelan kentut,bulliying
 atas bawah hitam putih  kek kopi luwak ,Bullying,hitam putih kek kopi luwak,bulliying
 palsu badane diedit semua tu  aslinya dimana  lemak ,Bullying,palsu badane diedit tu aslinya dimana lemak,bulliying
 udah dapat kontrak dari skincare ttp aja buluk mel ,Bullying,udah kontrak skincare ttp aja buluk mel,bulliying
 heran sama netizen klo gk suka jangan diliat aja ,Non-bullying,heran netizen klo gk suka diliat aja,non-bulliying
 sukses selalu yah ka  rosameldianti  semangat ,Non-bullying,sukses yah ka rosameldianti semangat,non-bulliying
 jujur aku lebih suka meldi yang sekarang daripada yang dulu suka ngehujat orang ,Non-bullying,jujur suka meldi suka ngehujat orang,non-bulliying
 sumpah aslinya muka lo lebar kayak baskom loh mel  rosameldianti  ,Bullying,sumpah aslinya muka lo lebar kayak baskom loh mel rosameldianti,bulliying
 berkarya teros meldi walo ga ada yg nuntun kamu  ,Non-bullying,berkarya teros meldi walo ga yg nuntun,non-bulliying
 astaghfirullah  seram sekali ya bun seperti ular jelmaan makhluk halus ya bun ,Bullying,astaghfirullah seram ya bun ular jelmaan makhluk halus ya bun,bulliying
 dan yang paling saya heran cowokpun ikut ngebully  sabar meldi  ,Non-bullying,heran cowokpun ngebully sabar meldi,non-bulliying
 astaga  ratu edit muka   sumpah seren kayak film setan  gitu    ,Bullying,astaga ratu edit muka sumpah seren kayak film setan gitu,bulliying
 matanya kayak katarak anjir ahahah ,Bullying,matanya kayak katarak anjir ahahah,bulliying
 caption aja copas  cantumin credit dong  dasar iblis ,Bullying,caption aja copas cantumin credit dasar iblis,bulliying
 unfoll aja daripada kalian dosa ngebully  terus   ,Non-bullying,unfoll aja dosa ngebully,non-bulliying
 meldi aku perhatikan kamu seperti orang china deh   cantik ,Non-bullying,meldi perhatikan orang china deh cantik,non-bulliying
 editan softlensnya keluar itu mbaknya  kayak ratu titisan ular kamu wkwkwk ,Bullying,editan softlensnya mbaknya kayak ratu titisan ular wkwkwk,bulliying
 kasihan ular dibawa bawa kamu gak pantas jadi ular pantasnya jadi bunglon atau buaya   ,Bullying,kasihan ular dibawa bawa gak ular pantasnya bunglon buaya,bulliying
 maju trus ya sayang   abaikan orang  yg comment menyakitkan ,Non-bullying,maju trus ya sayang abaikan orang yg comment menyakitkan,non-bulliying
 kasihan ya kamu  rosameldianti  hidup sekali cuman buat bahan hujatan masyarakat  mubadzir banget deh hidup lo  napa gak bunuh diri aja  ,Bullying,kasihan ya rosameldianti hidup cuman bahan hujatan masyarakat mubadzir banget deh hidup lo napa gak bunuh aja,bulliying
 semangat mel  bahasa asing mah yang penting kita berani pasti entarnya bisa ,Non-bullying,semangat mel bahasa asing mah berani entarnya,non-bulliying
 beda sama d foto yaa   disini lebar banget mukanya maaf itu kalau foto editan ya ,Bullying,beda d foto yaa lebar banget mukanya maaf foto editan ya,bulliying
 meldi meskipun kadang mulut ku tak bisa di rem karena kehaluanmu  tapi aku bangga akan berusaha mu  yuhuuu ,Non-bullying,meldi kadang mulut ku rem kehaluanmu bangga berusaha mu yuhuuu,bulliying
 lupa di edit ya tu muka melar ,Bullying,lupa edit ya tu muka melar,bulliying
 semangatt  kesalahan dalam belajar bahasa asing itu penting  karena itu pembelajaran utamanya  supaya kesalahannya ga terulang ,Non-bullying,semangatt kesalahan belajar bahasa asing pembelajaran utamanya kesalahannya ga terulang,non-bulliying
 kereennnn   dari bully an netizen menjadikanmu mau belajar ,Non-bullying,kereennnn bully an netizen menjadikanmu belajar,non-bulliying
 hiiihhh jiik lihat nih orang  auranya buruk bgt gak ada manis manisnya ,Bullying,hiiihhh jiik lihat nih orang auranya buruk bgt gak manis manisnya,bulliying
 semangat untuk belajar ya  saya uga gak bisa bahasa inggris ,Non-bullying,semangat belajar ya uga gak bahasa inggris,non-bulliying
 yang penting ada niat   dan keberanian ,Non-bullying,niat keberanian,non-bulliying
 salut mel   semangat belajar  yg ngetawain juga belum tentu bisa dan berani   ,Non-bullying,salut mel semangat belajar yg ngetawain berani,non-bulliying
 gpp mel semangat buat belajar trusssss jangan gampang nyerah pokoknya  rosameldianti  ,Non-bullying,gpp mel semangat belajar trusssss gampang nyerah pokoknya rosameldianti,non-bulliying
 setidaknya dia ngaku  bukan belagak pintar ,Non-bullying,ngaku belagak pintar,non-bulliying
 masih jauh kalo ngarep bisa ikutan kontes miss earth   makanya dari kecil les inggris biar lidahnya gak keseleo ,Bullying,kalo ngarep ikutan kontes miss earth les inggris biar lidahnya gak keseleo,bulliying
 cuma di postingan ini ya bund netizen sedikit yang menghujat ,Non-bullying,postingan ya bund netizen menghujat,non-bulliying
 happy birthday mel sehat dan sukses yah  aamiin ,Non-bullying,happy birthday mel sehat sukses yah aamiin,non-bulliying
 happy birthday kak meldi yang imut n ngegemesin  tambah sukses selalu ,Non-bullying,happy birthday kak meldi imut n ngegemesin sukses,non-bulliying
 ya ampun ketiak dan lemaknya editan parah wkwk ,Bullying,ya ampun ketiak lemaknya editan parah wkwk,bulliying
 ketiaknya habis di amplas mel  alus banget ,Bullying,ketiaknya habis amplas mel alus banget,bulliying
 udah diedit gitu  ketiak lu tetap hitam ,Bullying,udah diedit gitu ketiak lu hitam,bulliying
 selamat ulang tahun mel  udah yah jangan banyak tingkah ,Non-bullying,selamat ulang mel udah yah tingkah,non-bulliying
 mukanya kuning banget kaya kunyit ,Bullying,mukanya kuning banget kaya kunyit,bulliying
 selamat ulang tahun meldi sukses dan sehat terus ya   ,Non-bullying,selamat ulang meldi sukses sehat ya,non-bulliying
 fotonya lainnya jangan yang ini  kan masih banyak yang lebih cantik ihhh biar gak kena hujat kamu ihh  aku mah kasihan ,Non-bullying,fotonya cantik ihhh biar gak kena hujat ihh mah kasihan,bulliying
 hbd meldi  semoga sukses selalu dan panjang umur dan rejekinya di lancarkan   amin ,Non-bullying,hbd meldi semoga sukses umur rejekinya lancarkan amin,non-bulliying
 perasaan kemarin lengannya kekar banget kek petinju  udah gitu ketiaknya juga hitam  kok difoto ini lengannya jadi kecil  ketiaknya putih kek dibedakin ,Bullying,perasaan kemarin lengannya kekar banget kek petinju udah gitu ketiaknya hitam difoto lengannya ketiaknya putih kek dibedakin,bulliying
 selamat ulang tahun kak  rosameldianti   banyaknya sadar dan jangan pansos lagi yah  amin ,Non-bullying,selamat ulang kak rosameldianti banyaknya sadar pansos yah amin,non-bulliying
 hbd cantik semoga kedepannya tambah sukses ,Non-bullying,hbd cantik semoga kedepannya sukses,non-bulliying
 hbd mbak mel tambah cantik di panjangkan umurnya dan sehat selalu ,Non-bullying,hbd mbak mel cantik panjangkan umurnya sehat,non-bulliying
 berdiri di kaki sendiri lebih baik ,Non-bullying,berdiri kaki,non-bulliying
 biar di edit  kaya apa juga tetap aja ketiak hitam nya ga bisa di bohongin ,Bullying,biar edit kaya aja ketiak hitam nya ga bohongin,bulliying
 sumpah demi apapun   lengan nya gede banget ,Bullying,sumpah apapun lengan nya gede banget,non-bulliying
 selamat ulang tahun panjang umur sampai ketemu dajjal ,Bullying,selamat ulang umur ketemu dajjal,non-bulliying
 ketiak hitam buluk mau lu edit nutupin daki diketek lu tetap aka hitam ketiak lu  dasar dugong  rosameldianti  ,Bullying,ketiak hitam buluk lu edit nutupin daki diketek lu aka hitam ketiak lu dasar dugong rosameldianti,bulliying
 di atm tinggal     ribu aja banyak gaya lu dugong ,Bullying,atm tinggal ribu aja gaya lu dugong,bulliying
 gak ada bagus nya suara dan polanya   ,Bullying,gak bagus nya suara polanya,bulliying
 si meldi jelek aja banyak gaya  beda banget sm tante n sepupunya yang udah jelas  cantik ,Bullying,si meldi jelek aja gaya beda banget sm tante n sepupunya udah cantik,bulliying
 tapi dia sekarang dah berubah gak kayak dulu kalau yang gue lihat ,Non-bullying,dah berubah gak kayak gue lihat,bulliying
 ngedit ketiaknya berapa lah dah itu ya ampe ngeblur pisan   putihnya kek cat tembok ,Bullying,ngedit ketiaknya dah ya ampe ngeblur pisan putihnya kek cat tembok,bulliying
 aduh dugong masih aja gila filter   ,Bullying,aduh dugong aja gila filter,bulliying
 sekarang bukan muka aja yang didempul  tapi ketiak juga ,Bullying,muka aja didempul ketiak,bulliying
 kasian kebelet artis tapi gak punya bakat ,Bullying,kasian kebelet artis gak bakat,bulliying
 yang merasa peliharaannya lepas  tolong diangkut ,Bullying,peliharaannya lepas tolong diangkut,bulliying
 miris banget  ultah bukan didoain yang baik  tapi tetap di bully kasian    god bless u mel ,Non-bullying,miris banget ultah didoain bully kasian god bless u mel,bulliying
 mudah mudahan lu jadi gembel  amin ya allah ,Bullying,mudah mudahan lu gembel amin ya allah,non-bulliying
 ketiaknya hitam dikasih bedak jadi nya abu  monyet ,Bullying,ketiaknya hitam dikasih bedak nya abu monyet,bulliying
 heran gua mah kalau gasuka gausah di follow dah tau ni akun private kalo lu tetap follow dan ngebuli tanda nya lu sirik  gasuka ya gausah diliat  kaya dirinya sempurna aja ,Non-bullying,heran gua mah gasuka gausah follow dah tau ni akun private kalo lu follow ngebuli tanda nya lu sirik gasuka ya gausah diliat kaya sempurna aja,non-bulliying
 gua berharap lu aja si yg sakit bukan laura lol ,Bullying,gua berharap lu aja si yg sakit laura lol,bulliying
 harusnya lo aja yang menderitaaa bukan lora anj          ,Bullying,lo aja menderitaaa lora anj,bulliying
 gaga sempet beneran lora lo tinggalin  lo orang paling jahat ga     lo gak bakal bahagia ga ,Bullying,gaga sempet beneran lora lo tinggalin lo orang jahat ga lo gak bahagia ga,bulliying
 lu bener  ga kalo sempet nyakitin lora gue santet      ,Bullying,lu bener ga kalo sempet nyakitin lora gue santet,bulliying
 si gaga kok kek anjing ,Bullying,si gaga kek anjing,bulliying
 semangat gaga  jangan liat kebelakang fokus aja kedepan  masih muda masih banyak yg lebih baik juga  ,Non-bullying,semangat gaga liat kebelakang fokus aja kedepan muda yg,non-bulliying
 gak ada cantiknya  gila yang ada ,Bullying,gak cantiknya gila,bulliying
 meldi makin bersinar yaaa  pertahanin karir jgn di sia siain ,Non-bullying,meldi bersinar yaaa pertahanin karir jgn sia siain,bulliying
 tetap semangat   sebaik apapun kamu akan dalah dimata pembenci    ,Non-bullying,semangat apapun dalah dimata pembenci,non-bulliying
 asli gak ada bebet bobo ni anak  kasihan sekali  ,Bullying,asli gak bebet bobo ni anak kasihan,bulliying
 kumat  lama semedinya segini keluarnya ,Bullying,kumat semedinya segini keluarnya,bulliying
 tangannya hitam  beda ama muka ,Bullying,tangannya hitam beda ama muka,bulliying
 kok meldi di foto aku gendut beda ,Bullying,meldi foto gendut beda,bulliying
 gatau sih  cantik tapi gak ada aura nya sama sekali   cantik tapi idih gitu lihatnya   kenapa yaa    ,Bullying,gatau sih cantik gak aura nya cantik idih gitu lihatnya yaa,non-bulliying
 baik buruk nya kamu akan tetap terlihat buruk di mata mereka yang ga menyukai mu   ,Non-bullying,buruk nya buruk mata ga menyukai mu,non-bulliying
 gila ni siluman   di story orang lain keliatan banget tumpukan  lemaknya  buriknya apalagi ,Bullying,gila ni siluman story orang keliatan banget tumpukan lemaknya buriknya,non-bulliying
 dasar bego lu   gua jijik sama lu bro kayak gak punya otak banget ,Bullying,dasar bego lu gua jijik lu bro kayak gak otak banget,bulliying
 lo kira lo bagus tuh begitu anjing wkwkw ,Bullying,lo lo bagus tuh anjing wkwkw,bulliying
 di maafin aaa  semoga dia jera untuk kedepannya  ,Non-bullying,maafin aaa semoga jera kedepannya,non-bulliying
 eh bocah mending lo mati aja gak guna juga ada orang kayak lo hahahahaha ,Bullying,eh bocah mending lo mati aja gak orang kayak lo hahahahaha,bulliying
 btw yang video tapi boong itu dia buat nya tahun lalu bukan pas masalah yang sekarang kalau gak percaya lihat tribun news jadi jangan hujat dia lagi ya ,Non-bullying,btw video boong nya pas gak percaya lihat tribun news hujat ya,non-bulliying
 okay bro kalem aja  tetap semangat dan jangan putus asa ,Non-bullying,okay bro kalem aja semangat putus asa,non-bulliying
 lu mati ajalah   udah biar gak bikin ribet ,Bullying,lu mati ajalah udah biar gak bikin ribet,bulliying
 sampah masyarakat harus di musnahkan segera ,Bullying,sampah masyarakat musnahkan,bulliying
 mati kau najis kontol bangsat mati kau ,Bullying,mati kau najis kontol bangsat mati kau,bulliying
 youtuber toxic  tutup akunmu sekalian tutup usia ,Bullying,youtuber toxic tutup akunmu tutup usia,bulliying
 pada ribet kayak udah pada benar aja lu semua ,Non-bullying,ribet kayak udah aja lu,bulliying
 jangan ada hitam diatas putih  langsung proses ,Non-bullying,hitam diatas putih langsung proses,bulliying
 kalau sayang sama anaknya ya di serahkan aja ke polisi biar di didik sekalian ,Non-bullying,sayang anaknya ya serahkan aja polisi biar didik,bulliying
 manusia apa hewan sih kok gak punya hati banget ,Bullying,manusia hewan sih gak hati banget,bulliying
 manusia anjing  nyari uang gitu amat  lo kerja aja sama gue nyebokin gue ntar gue gaji lo  ,Bullying,manusia anjing nyari uang gitu lo kerja aja gue nyebokin gue ntar gue gaji lo,bulliying
 maklum anak kurang pendidikan kayak gitu gak punya akhlak ,Bullying,maklum anak pendidikan kayak gitu gak akhlak,bulliying
 anjing memang anak gak tau diri  ibunya sampai nangis  ,Bullying,anjing anak gak tau ibunya nangis,bulliying
 oi babi gue bunuh lu kalau sampai kelihatan sumpah ,Bullying,oi babi gue bunuh lu sumpah,bulliying
 heee sampah lu udah gua maafin tapi boong goblok ,Bullying,heee sampah lu udah gua maafin boong goblok,bulliying
 anjing sini lo baku hantam ayo ,Bullying,anjing lo baku hantam ayo,bulliying
 bangkit ya bang jangan lemah buat pelajaran dan ujian buat lu jadi yang lebih baik lagi bang ,Non-bullying,bangkit ya bang lemah pelajaran ujian lu bang,non-bulliying
 jangan patah semngat kak sukses terus ,Non-bullying,patah semngat kak sukses,non-bulliying
 semangat ferdian gausah dengerin orang yang hujat kamu  karena semua manusia tidak luput dari kesalahan ,Non-bullying,semangat ferdian gausah dengerin orang hujat manusia luput kesalahan,non-bulliying
 sumpah sekarang aku respect banget sama kamu ,Non-bullying,sumpah respect banget,non-bulliying
 menurutku pribadi  dia tulus minta maafnya   ,Non-bullying,menurutku pribadi tulus maafnya,non-bulliying
 dikasih bidadari maunya boneka santet ,Bullying,dikasih bidadari maunya boneka santet,bulliying
 ilang respect gue   padahal jane udh setia bgt sama lu  tapi lu nya main cewe pas udh keluar dri penjara   lol ,Non-bullying,ilang respect gue jane udh setia bgt lu lu nya main cewe pas udh dri penjara lol,bulliying
 hapus ajh ni poto ngk tau malu bgt lu bang ,Non-bullying,hapus ajh ni poto ngk tau malu bgt lu bang,non-bulliying
 intinya gasuka ajg selama ada listy   ngrusak suasana ,Bullying,intinya gasuka ajg listy ngrusak suasana,bulliying
 di foto ini ada   anjing dan   kontol ,Bullying,foto anjing kontol,bulliying
 kasian banget jane udah nunggu keluar penjara eh taunya     waw sakit siih ,Non-bullying,kasian banget jane udah nunggu penjara eh taunya waw sakit siih,bulliying
 puny cewk baik di selingkuhin g ngotak ,Bullying,puny cewk selingkuhin g ngotak,bulliying
 inget yg di potong itu masalah nya bukan hubungan nya  tapi kalo udah gini sembeleh aja orang nya    udah terlanjur kecewa ,Bullying,inget yg potong nya hubungan nya kalo udah gini sembeleh aja orang nya udah terlanjur kecewa,bulliying
 ini buat konten   masa putus foto tabi sama jessica engga dihapus   ,Non-bullying,konten putus foto tabi jessica engga dihapus,non-bulliying
 tiap mau makan dibikin ama jess tpi malah ngehianatin gila sih ,Non-bullying,makan dibikin ama jess tpi ngehianatin gila sih,non-bulliying
 parah lu bang nama lu udh rusak karna narkoba malah nambah masalah ajh truss ,Non-bullying,parah lu bang nama lu udh rusak karna narkoba nambah ajh truss,non-bulliying
 ini anjing kok mirip ya sama erick ,Bullying,anjing ya erick,bulliying
 muka pas an sok sok an mau sm lonte lo anjing ,Bullying,muka pas an sok sok an sm lonte lo anjing,bulliying
 lu sama anjingnya  lebih baik anjingnya ,Bullying,lu anjingnya anjingnya,bulliying
 ih ada babi jgn megang tuh anjing harga dirinya lebih tinggi dripada lo ,Bullying,ih babi jgn megang tuh anjing harga dripada lo,bulliying
 santuy aja bang ga usah di tanggepin btw gw suka gaya lo ,Non-bullying,santuy aja bang ga tanggepin btw gw suka gaya lo,non-bulliying
 narkoboy kontol  cuma bisa maen cewe sama nyakitin doang lu anjing  mati aja lu bego ,Bullying,narkoboy kontol maen cewe nyakitin doang lu anjing mati aja lu bego,bulliying
 tetep penjara aja ajg nyusahin lo keluar ,Bullying,tetep penjara aja ajg nyusahin lo,bulliying
 cewe cakep  setia kok disia sia in sahabat ,Non-bullying,cewe cakep setia disia sia in sahabat,bulliying
 loh kok ak liatnya anjing semua yaa ,Bullying,loh ak liatnya anjing yaa,bulliying
 anjingnya ada dua kok guys  tapi kok lagi satu gue liat ada babi item ,Bullying,anjingnya guys gue liat babi item,bulliying
 mantan anjing  eh kebalik anjing mantan ,Bullying,mantan anjing eh kebalik anjing mantan,bulliying
 bikin skandal karena kepengen tenar  ,Non-bullying,bikin skandal kepengen tenar,non-bulliying
 wiii anjay kapan lagi liat babi megang   anjing ,Bullying,wiii anjay liat babi megang anjing,bulliying
 ini adalah foto babi sedang memeluk anjing yg pemilik nya adalah bidadari ,Bullying,foto babi memeluk anjing yg pemilik nya bidadari,bulliying
 babi g pantes nyentuh anjingnya bidadari  nanti kotor  ,Bullying,babi g pantes nyentuh anjingnya bidadari kotor,bulliying
 sesama anjing foto dulu ya kan ,Bullying,anjing foto ya,bulliying
 potret seorjing memegang anjing kwkw ,Bullying,potret seorjing memegang anjing kwkw,bulliying
 heh udh napa hate nya cape gw baca nya ,Non-bullying,heh udh napa hate nya cape gw baca nya,non-bulliying
 waduh malah lebih ganteng anjingnya  eh eh bahkan lu ga pantes disebut anjing  anjing kan setia pantesnya sih babi hahahaha ,Bullying,ganteng anjingnya eh eh lu ga pantes anjing anjing setia pantesnya sih babi hahahaha,bulliying
 kalo lomba sama an sm babi  babi nya nmr   ,Bullying,kalo lomba an sm babi babi nya nmr,bulliying
 si anjing ketika berfoto dengan si anjing ,Bullying,si anjing berfoto si anjing,bulliying
 kak jessica yg nungguin setia sm kk loh pas ad masalah kmrn  tapi kk ga ngehargain malah lbh milih yg d sono ,Non-bullying,kak jessica yg nungguin setia sm kk loh pas ad kmrn kk ga ngehargain lbh milih yg d sono,non-bulliying
 erikontolim manusia babi anak lonte ,Bullying,erikontolim manusia babi anak lonte,bulliying
 hargailah hati wanita yang udh tulus nemenin lo dari      ,Non-bullying,hargailah hati wanita udh tulus nemenin lo,bulliying
 tapi bagus sih erick mutusin jessica ya karna erick kelakuan ny begituu coba liat jessica ,Non-bullying,bagus sih erick mutusin jessica ya karna erick kelakuan ny begituu coba liat jessica,non-bulliying
 anjing sekarang hebat ya  bisa pake kacamata ,Bullying,anjing hebat ya pake kacamata,bulliying
 sdh lh nasi udah jdi bubur ga bisa lagi dibentuk kek semulaaa ,Non-bullying,sdh lh nasi udah jdi bubur ga dibentuk kek semulaaa,non-bulliying
 kukira kehadiranmu akan menjadi sesuatu kebanggaan  ternyata tidak ,Non-bullying,kukira kehadiranmu kebanggaan,non-bulliying
 ada   ajg dan yg punya tato bener  ajg ,Bullying,ajg yg tato bener ajg,bulliying
 dasar orang tua gada akhlak ngajarin anaknya yang ga bener ,Bullying,dasar orang tua gada akhlak ngajarin anaknya ga bener,bulliying
 erik kenapa sih  ada yang bisa jelasin gw ga update soalnya   maap  ,Non-bullying,erik sih jelasin gw ga update maap,non-bulliying
 eh jangan dekat dekat sama anjingnya ci jessica gua lempar lu ,Bullying,eh anjingnya ci jessica gua lempar lu,bulliying
 guys dr pd comment  mending unfoll sm unsubscribe aja yaa ,Non-bullying,guys dr pd comment mending unfoll sm unsubscribe aja yaa,non-bulliying
 babi lagi main ma anjing    ,Bullying,babi main ma anjing,bulliying
 dikasi bidadari malah pilih babi ,Bullying,dikasi bidadari pilih babi,bulliying
 postingan pertama jg dihujat dong gila netijen ,Non-bullying,postingan jg dihujat gila netijen,non-bulliying
 baru kali ini lihat anjing sama babi baikan  ,Bullying,kali lihat anjing babi baikan,bulliying
 dikasih bidadari malah milih setan ,Bullying,dikasih bidadari milih setan,bulliying
 padahal gw g mau benci ama lu bro  tpi ada aja tingkah lu yang melenceng   ,Non-bullying,gw g benci ama lu bro tpi aja tingkah lu melenceng,non-bulliying
 sikap mu lebih najis daripada ludah anjing  ,Bullying,sikap mu najis ludah anjing,bulliying
 njir meskipun udh lama nih poto di post tapi masih banyak yg komen baru  ,Non-bullying,njir udh nih poto post yg komen,non-bulliying
 kesini cmn mo liat komen aja ,Non-bullying,kesini cmn mo liat komen aja,non-bulliying
 buset hate comment ampe postingan paling bawah ,Non-bullying,buset hate comment ampe postingan,non-bulliying
 foto di upload nya    maret yang comment   jam   jam   jam yg lalu ,Non-bullying,foto upload nya maret comment jam jam jam yg,bulliying
 pantes banyak utang buat bayar lonte ,Bullying,pantes utang bayar lonte,bulliying
     tutup botol muka lu kek kontol wkwk ,Bullying,tutup botol muka lu kek kontol wkwk,bulliying
 astaga masih pagi dibikin ngakak ama komenan netijen yg ngmng suka bener ,Non-bullying,astaga pagi dibikin ngakak ama komenan netijen yg ngmng suka bener,non-bulliying
 dah lah  gw capek baca komen kalian ,Non-bullying,dah gw capek baca komen,non-bulliying
 keliatan bgt anjingnya ketakutan foto sama dakjal ,Bullying,keliatan bgt anjingnya ketakutan foto dakjal,bulliying
 astaga ngehujat sampe postingan paling bawah ,Non-bullying,astaga ngehujat sampe postingan,non-bulliying
 lebih najis elu daripada anjing  ,Bullying,najis elu anjing,bulliying
   ekor anjing dan satu buaya makan jambut ,Bullying,ekor anjing buaya makan jambut,bulliying
 kalo disuruh melihara anjing eric gw pilih anjing aja meski najis tapi lebih najisan erick kontol ,Bullying,kalo disuruh melihara anjing eric gw pilih anjing aja najis najisan erick kontol,bulliying
 ngapain si pada ngejudge  mikir dulu lah dia putus juga sebelum kejadian itu tolol ,Non-bullying,ngapain si ngejudge mikir putus kejadian tolol,bulliying
 hargai wanitamu dia didekati banyak pria tetapi tetap memilihmu ,Non-bullying,hargai wanitamu didekati pria memilihmu,non-bulliying
 ternyata sipat anjing bukan hanya ada di anjing doang ya di manusia sipat anjing juga ternyata ada ,Bullying,sipat anjing anjing doang ya manusia sipat anjing,bulliying
 potret ketika anjing poto dengan setan ,Bullying,potret anjing poto setan,bulliying
 bantu bedainn woyy mana anjing mana babi ,Bullying,bantu bedainn woyy anjing babi,bulliying
 udaah woii udahh lu gak kasihan apa   aku capek ngelike komenan kalian ,Non-bullying,udaah woii udahh lu gak kasihan capek ngelike komenan,bulliying
   anjing   anjing berwujud manusia    anjing asli tak ada perwujudan aowkwkw ,Bullying,anjing anjing berwujud manusia anjing asli perwujudan aowkwkw,bulliying
 kasian gue sama anjingnya dipegang dajjal ,Bullying,kasian gue anjingnya dipegang dajjal,bulliying
 kasian anjing nya di pegang babi ,Bullying,kasian anjing nya pegang babi,bulliying
 lo itu kontol gak guna ajg anak dakjal ,Bullying,lo kontol gak ajg anak dakjal,bulliying
 mukak lu lebih buruk daripada anjing lu ,Bullying,mukak lu buruk anjing lu,bulliying
 dikasi yang bening malah milih yang dakian ,Bullying,dikasi bening milih dakian,bulliying
 mending masuk penjara lagi aja dah seumur hidup ,Bullying,mending masuk penjara aja dah seumur hidup,bulliying
 kok lbih lucu anjingnya ya ktimbang orangnya ,Bullying,lbih lucu anjingnya ya ktimbang orangnya,bulliying
 akhirnya jesica bisa lepas dari kambing hitam ini ,Bullying,jesica lepas kambing hitam,bulliying
 maafin aja bro semua orang pasti ada kesalahan dia juga pasti ada kesalahan nasehatin aja siapa tau dia berubah ,Non-bullying,maafin aja bro orang kesalahan kesalahan nasehatin aja tau berubah,non-bulliying
 kasian anjingnya dipeluk sma sampahh ,Bullying,kasian anjingnya dipeluk sma sampahh,bulliying
 gua kira keluar dari penjara bisa berubah ,Non-bullying,gua penjara berubah,bulliying
 cintamu hanya sebatas kertas wkwkw enteng bang ,Non-bullying,cintamu sebatas kertas wkwkw enteng bang,non-bulliying
 padahal sejak dia sama jane aku lebih respect    skrg bener  udah hilang respect    ,Non-bullying,jane respect skrg bener udah hilang respect,bulliying
 udah nemenin dari masa tersulit lo pas udah keluar malah selingkuh  ga nyangka idola gua sesampah itu  ,Bullying,udah nemenin tersulit lo pas udah selingkuh ga nyangka idola gua sesampah,bulliying
 dihujat habis an semua postingan lama ada komen baru wkwk ,Non-bullying,dihujat habis an postingan komen wkwk,non-bulliying
 gua gabisa bedain mana anjing mana manusia  keliatannya sama ,Bullying,gua gabisa bedain anjing manusia keliatannya,bulliying
 lu mirip anaknya kick andy yg namanya marlo bang ,Non-bullying,lu anaknya kick andy yg namanya marlo bang,non-bulliying
 kenapa ada orang baik   karna ada orang jahat ,Non-bullying,orang karna orang jahat,non-bulliying
 ngga ada niatan ngadain pengajian gitu bang  ,Non-bullying,ngga niatan ngadain pengajian gitu bang,non-bulliying
 suka banget sama rambutnyaa tambah ganteng ,Non-bullying,suka banget rambutnyaa ganteng,non-bulliying
  abatartila ada ada aja kaya gini di bilang king  king muke nya udh kaya tai musang ,Bullying,abatartila aja kaya gini bilang king king muke nya udh kaya tai musang,bulliying
 ninggalin berlian demi tai babi dih ,Bullying,ninggalin berlian tai babi dih,bulliying
 ganteng kaga lu begitu malah keliatan kaya daki kontol ,Bullying,ganteng kaga lu keliatan kaya daki kontol,bulliying
 mukak lo kayak tapir kuda asu sok ganteng banget lo ,Bullying,mukak lo kayak tapir kuda asu sok ganteng banget lo,bulliying
 banyak yg kecewa karena lu begini rik     ,Non-bullying,yg kecewa lu rik,bulliying
 maap ye muke lu udh jelek kaga usah sok selingkuh cakepan anjing gua noh ,Bullying,maap ye muke lu udh jelek kaga sok selingkuh cakepan anjing gua noh,bulliying
 apa si hebatnya banci yg badannya penuh koreng kaya lo ,Bullying,si hebatnya banci yg badannya penuh koreng kaya lo,bulliying
 gini dong bersihan kaga kek tahun tahun sebelumnya dekil ,Bullying,gini bersihan kaga kek dekil,bulliying
 muka lu keriput kek aki aki ,Bullying,muka lu keriput kek aki aki,bulliying
 foto jelek dihujat  foto ganteng dibilang sok ganteng ,Non-bullying,foto jelek dihujat foto ganteng dibilang sok ganteng,bulliying
 kebanyakan nyabu jadi kurus lu ,Bullying,kebanyakan nyabu kurus lu,bulliying
 narkoboyy ngeluarin lidahh  ajg mau apa  mau tes urin ,Bullying,narkoboyy ngeluarin lidahh ajg tes urin,bulliying
 fotolu pede anjrit muka lu tu anjrit ,Bullying,fotolu pede anjrit muka lu tu anjrit,bulliying
 hidup itu jngn keterlaluan boss playboy amat ajg luu ,Bullying,hidup jngn boss playboy ajg luu,bulliying
 mukalu kek aktor bokep bgst mending ngobat aja luu ,Bullying,mukalu kek aktor bokep bgst mending ngobat aja luu,bulliying
 dah jelek semangattt pulak wkwk ,Bullying,dah jelek semangattt pulak wkwk,bulliying
 muka nya kok gitu  seren bikin mual liatnya ,Bullying,muka nya gitu seren bikin mual liatnya,bulliying
 sana anjing ngewe ama lonte bangsat ,Bullying,anjing ngewe ama lonte bangsat,bulliying
 muka kek kontol mending di penjara ,Bullying,muka kek kontol mending penjara,bulliying
 muka kek banci dih najis ,Bullying,muka kek banci dih najis,bulliying
 ntar mati dalam keadaan konyol ,Bullying,ntar mati konyol,bulliying
 mau bilang jelek nya ga enak hehe   ,Bullying,bilang jelek nya ga enak hehe,bulliying
 idihhhhh pantesan aja foto nya keluarin lidah kyk gtu  trnyata tukang jilat  ,Bullying,idihhhhh pantesan aja foto nya keluarin lidah kyk gtu trnyata tukang jilat,bulliying
 nih orang kalo lomba mirip babi babinya juara   ,Bullying,nih orang kalo lomba babi babinya juara,bulliying
 titisan dakjal emg lo nyet ,Bullying,titisan dakjal emg lo nyet,bulliying
 et muka lu aje gitu dih hahaha  biarin aja sampah ketemu sampah biar busuk bersama ,Bullying,et muka lu aje gitu dih hahaha biarin aja sampah ketemu sampah biar busuk,bulliying
 jijik astagah sok bat cakep njs ,Bullying,jijik astagah sok bat cakep njs,bulliying
 bully an di ig lebih ngeri daripada di fb ajg gua jadi ngerii  ajgg,Non-bullying,bully an ig ngeri fb ajg gua ngerii ajgg,non-bulliying
 udah buriq brengsek pula pantes aja dapet lonte ,Bullying,udah buriq brengsek pantes aja dapet lonte,bulliying
 muka kampung gaya sok soan kota nyet ,Bullying,muka kampung gaya sok soan kota nyet,bulliying
 ngapa lidah lo stroke amin deh kalau gtu ,Bullying,ngapa lidah lo stroke amin deh gtu,bulliying
 ciah dihujat   indonesia jangan sampe bunuh diri ya komtoll kami blom puas nguat kauuu ,Bullying,ciah dihujat indonesia sampe bunuh ya komtoll blom puas nguat kauuu,non-bulliying
 org kampung otak dusun gaya sosoan hype  ttep aja gabisa nutupin muka babu lu  ,Bullying,org kampung otak dusun gaya sosoan hype ttep aja gabisa nutupin muka babu lu,bulliying
 cowo foto liatin lidah nya jam ah jijik gue  apa lagi minus akhlak kek gini ,Bullying,cowo foto liatin lidah nya jam ah jijik gue minus akhlak kek gini,bulliying
 anjing gue jg ogah liat muke lu ,Bullying,anjing gue jg ogah liat muke lu,bulliying
 g bole melet dosaa rik ,Non-bullying,g bole melet dosaa rik,non-bulliying
 paan melet melet mau jilat tai tabi  ,Bullying,paan melet melet jilat tai tabi,bulliying
 setan emg melet  teross jijik asuuu ,Bullying,setan emg melet teross jijik asuuu,bulliying
 ni anak lahir krna kondom bocor   ga ada rasa syukur muka kyk selangkangan gorilla dpt cewe cntik kyk jessica setia dll malah di sia in bgsad ,Bullying,ni anak lahir krna kondom bocor ga syukur muka kyk selangkangan gorilla dpt cewe cntik kyk jessica setia dll sia in bgsad,bulliying
 apaan si melet  sok ganteng ,Bullying,si melet sok ganteng,bulliying
 muka kek slangkangan biawak aje bnyk blagu lu ,Bullying,muka kek slangkangan biawak aje bnyk blagu lu,bulliying
 sumpah sih jahat banget  bener  kasian sama kak jessica ,Non-bullying,sumpah sih jahat banget bener kasian kak jessica,non-bulliying
 anjing gk pantes sama bidadari  ,Bullying,anjing gk pantes bidadari,bulliying
 melet mulu setan kaya ular ,Bullying,melet mulu setan kaya ular,bulliying
 njr melet melet gw kirain hewan ,Bullying,njr melet melet gw kirain hewan,bulliying
 gtu aj dh kek anjg lo kang ,Bullying,gtu aj dh kek anjg lo kang,bulliying
 gw kesini pengen liat babang ini   sumpah feeling gw bener   mirip banget ama reynhard sinaga ,Non-bullying,gw kesini pengen liat babang sumpah feeling gw bener banget ama reynhard sinaga,non-bulliying
 ih ko melet  si kaya hewan aja wkwkwkwk ,Bullying,ih ko melet si kaya hewan aja wkwkwkwk,bulliying
 iuu milih iblis drpd bidadarii kwkwkw jyjyq ,Bullying,iuu milih iblis drpd bidadarii kwkwkw jyjyq,bulliying
 melet  udah kaya anjing  eh kan emah anjing ,Bullying,melet udah kaya anjing eh emah anjing,bulliying
 ga nyadar aja nih sampah haha ,Bullying,ga nyadar aja nih sampah haha,bulliying
 lidah banyak kuman and virus nih ,Bullying,lidah kuman and virus nih,bulliying
 awalnya ngira baju endorse dari kfc  mirip     ,Non-bullying,ngira baju endorse kfc,non-bulliying
 gua mau lo terus berkarya   perbaiki  tinggalkan yg negatif   tidak ada kata terlambat   ttp jadi orang yg hebat dan selalu bahagia  xrickolim ,Non-bullying,gua lo berkarya perbaiki tinggalkan yg negatif terlambat ttp orang yg hebat bahagia xrickolim,non-bulliying
 cita cita ingin jadi pakboi   eh tapi malah jadi narkoboy nasib nasib ,Bullying,cita cita pakboi eh narkoboy nasib nasib,bulliying
 napa lu balik dari penjara sih  ,Bullying,napa lu penjara sih,bulliying
 mending lu pada tobat dah ,Non-bullying,mending lu tobat dah,bulliying
 selama dipenjara apalo sikat gigi  kok bau ya  baubau aroma bangsatttt ,Bullying,dipenjara apalo sikat gigi bau ya baubau aroma bangsatttt,bulliying
 gigi lo ada apanya  jigong  atau kondom nya nyangkut  ,Bullying,gigi lo apanya jigong kondom nya nyangkut,bulliying
 ih mukanya kek anjing rumah gwa ,Bullying,ih mukanya kek anjing rumah gwa,bulliying
 woi anak anjing ngapain lu hidup bgst ,Bullying,woi anak anjing ngapain lu hidup bgst,bulliying
 udah jelek gak usah d jelek  in lagi bro ,Bullying,udah jelek gak d jelek in bro,bulliying
 ganteng kagak berbakat juga kagak kelebihannya dimana cobak  ,Bullying,ganteng kagak berbakat kagak kelebihannya dimana cobak,bulliying
 benci aja ama orang jelek pake selingkuh segala ,Bullying,benci aja ama orang jelek pake selingkuh,bulliying
 udah tutup mulut nya bau kambing ,Bullying,udah tutup mulut nya bau kambing,bulliying
 jualan jualan knp ngga jadi yutuber lagi bro takut ngga ada yg nntn yah ,Bullying,jualan jualan knp ngga yutuber bro takut ngga yg nntn yah,non-bulliying
 kayak randy pangalila klo gk pake kacamata ,Non-bullying,kayak randy pangalila klo gk pake kacamata,non-bulliying
 entah knp liat muka bg eric sekarang kaya enak gitu    dari pada yg dulu ,Non-bullying,knp liat muka bg eric kaya enak gitu yg,non-bulliying
 apa ganteng nyasih anjing   kucel gini jadiin model ,Bullying,ganteng nyasih anjing kucel gini jadiin model,bulliying
 keknya dia ngeliat masa depan yang hancur deh ,Bullying,keknya ngeliat hancur deh,bulliying
 ingett hidup lo dulu ga seenak ini rikkk  hidup lo susah     salam temen smp pas lo burikkk  eh skrg sama aja ,Bullying,ingett hidup lo ga seenak rikkk hidup lo susah salam temen smp pas lo burikkk eh skrg aja,bulliying
 yaaaa yaaa kalo liat muka nya sumpah ngeselin banget dah  oprasi dulu sono  biar gantengan dikit   dan kalo jln ke mall gk di kenal orng  ,Bullying,yaaaa yaaa kalo liat muka nya sumpah ngeselin banget dah oprasi sono biar gantengan dikit kalo jln mall gk kenal orng,bulliying
 dia ini siapa sih    artis bukan  jelek mah iya mukanya iyuhhh ,Bullying,sih artis jelek mah iya mukanya iyuhhh,bulliying
 ini bukan era lo lagi  mending lo mati aja babi  kalo baca bales nyet ,Bullying,era lo mending lo mati aja babi kalo baca bales nyet,bulliying
 saya segenap hati minta maap ,Non-bullying,segenap hati maap,bulliying
 dulu bahagia sekarang banyak utang ,Bullying,bahagia utang,bulliying
 harus lebih maju berkelas rik   ga jamannya lg toxic dan ga beraturan   build sistem   you will be big ,Non-bullying,maju berkelas rik ga jamannya lg toxic ga beraturan build sistem you will be big,non-bulliying
 editan sama konsepnya nice banget lahhh ,Non-bullying,editan konsepnya nice banget lahhh,bulliying
 iri kok sama babi hahah najis ,Bullying,iri babi hahah najis,bulliying
 lo yang dulu bukanlah yang sekarang dulu kaya anjing sekarang kaya babi ,Bullying,lo kaya anjing kaya babi,bulliying
 jelek aja tukang selingkuh lo buriq   ,Bullying,jelek aja tukang selingkuh lo buriq,bulliying
 kok kalian komennya pada kek gini ya ,Non-bullying,komennya kek gini ya,bulliying
 rick lu tuh jadi manusia kek gk ada gunanya lu dilahirin kedunia untuk berbuat baik  sayang nya lu ngecewain org lain gimana mo masuk surga ,Bullying,rick lu tuh manusia kek gk gunanya lu dilahirin kedunia berbuat sayang nya lu ngecewain org gimana mo masuk surga,bulliying
 kalian kaloga cocok mau di paksain  ,Non-bullying,kaloga cocok paksain,non-bulliying
 ya biarin  xrickolim kita gatau gimana aslinya masa kalian semua ambil keputusan sepihak kalo udah takdir gaada yang bisa nentang njir ,Non-bullying,ya biarin xrickolim gatau gimana aslinya ambil keputusan kalo udah takdir gaada nentang njir,bulliying
 cocok kok  emang orang baik mah buat org baik  kalo yg bejat mah emang cocok buat yang bejat juga ehehe ,Bullying,cocok emang orang mah org kalo yg bejat mah emang cocok bejat ehehe,bulliying
 erick goblok malah pacaran ama lonte anj so bat ,Bullying,erick goblok pacaran ama lonte anj so bat,bulliying
 cocok banget sama  orang gak bener biar lah dia hancur bersama ,Bullying,cocok banget orang gak bener biar hancur,bulliying
 eh kek ada penampakan lonte ,Bullying,eh kek penampakan lonte,bulliying
 meninggalkan berlian demi tai sapi ,Bullying,meninggalkan berlian tai sapi,bulliying
 ini bukan era lo lgi  wkwkw skrng lo penuh dengan cacimaki  telen ludah sendiri ,Bullying,era lo lgi wkwkw skrng lo penuh cacimaki telen ludah,bulliying
 pantes disini mulainya si ajg berulah ,Bullying,pantes mulainya si ajg berulah,bulliying
 open bo ga bang si listy  kebetulan ada om om yg nyari cwe yg udah pengalaman     ,Bullying,open bo ga bang si listy om om yg nyari cwe yg udah pengalaman,non-bulliying
 buah nangka buah kemanggi gak ada akhlak lu babi ,Bullying,buah nangka buah kemanggi gak akhlak lu babi,bulliying
 perlahan karirmu ancur bro dan lu akan kembali kebawan ,Bullying,perlahan karirmu ancur bro lu kebawan,bulliying
 biarkan  sk  official bangkrut aja  ceo nya gatau trimakasih haha ,Bullying,biarkan sk official bangkrut aja ceo nya gatau trimakasih haha,bulliying
 ngapain juga nginap di rumah cowo  gaada keluarga lg lo  ,Bullying,ngapain nginap rumah cowo gaada keluarga lg lo,bulliying
 eh ada pelakor  pas banget frame ke tiga  orang ke   ,Bullying,eh pelakor pas banget frame orang,bulliying
 anak gblk dikasi berlian malah milih kerikil ,Bullying,anak gblk dikasi berlian milih kerikil,bulliying
 dikasih bidadari malah milih dajjal awokawok v ,Bullying,dikasih bidadari milih dajjal awokawok v,bulliying
 jangan cuman bisa ngehina dong sadar kalian itu ga sempurna sama kaya kami ,Non-bullying,cuman ngehina sadar ga sempurna kaya,non-bulliying
 kesihan gue sama org otak dangkal kek gini ,Bullying,kesihan gue org otak dangkal kek gini,bulliying
 murahh banget lo jijik gue    dikick evos mlah open bo ,Bullying,murahh banget lo jijik gue dikick evos mlah open bo,bulliying
 senengnya sekali nyesel nya seumur hidup  miris banget hidup lu tolol meninggalkan berlian yang indah dipandang dan di sayang demi segumpal tai kucing ,Bullying,senengnya nyesel nya seumur hidup miris banget hidup lu tolol meninggalkan berlian indah dipandang sayang segumpal tai kucing,bulliying
 indahnya pemandangan banyak lont lont mau di jual ,Bullying,indahnya pemandangan lont lont jual,bulliying
 bidadari sudah ditunjukan   bahwa mmg g pantes sma dajjal g tau diri ,Bullying,bidadari ditunjukan mmg g pantes sma dajjal g tau,bulliying
 siapapun tolong kasih tau aku ini masalah nya apaa gais ,Non-bullying,tolong kasih tau nya apaa gais,non-bulliying
 dikasih hati yg malaikat milih yg berhati iblis greget   ,Bullying,dikasih hati yg malaikat milih yg berhati iblis greget,bulliying
 di kasih bidadari malah pilih kotoran ,Bullying,kasih bidadari pilih kotoran,bulliying
 dikasih bidadari malah minta lonte ,Bullying,dikasih bidadari lonte,bulliying
 gajadi beli model murahan barang pasti murahan ,Bullying,gajadi beli model murahan barang murahan,bulliying
 modelny aja murahan apalagi barangnya ,Bullying,modelny aja murahan barangnya,bulliying
 muka macem pengamen gegayaan selingkuh  untung udh ga sm jane lg  kebanting sm jane muke lu ,Bullying,muka macem pengamen gegayaan selingkuh untung udh ga sm jane lg kebanting sm jane muke lu,bulliying
 males beli gua gara gara ada lonte ,Bullying,males beli gua gara gara lonte,bulliying
 padahal bulug gini ya mukanya   ehh   maaf   ,Bullying,bulug gini ya mukanya ehh maaf,bulliying
 padahal cantikan jessica kemana mana ,Non-bullying,cantikan jessica kemana,non-bulliying
 dikasih bidadari malah milih sampah ,Bullying,dikasih bidadari milih sampah,bulliying
 yaelah muka pas an aja bangga lu njing ,Bullying,yaelah muka pas an aja bangga lu njing,bulliying
 wah ibarat lebih milih iblis daripada bidadari haha ,Bullying,milih iblis bidadari haha,bulliying
  rangga kanahaya knp gk truck sampah  kek mukanya sampah ,Bullying,rangga kanahaya knp gk truck sampah kek mukanya sampah,bulliying
 gajadi beli  takut ketularan lonte nya ,Bullying,gajadi beli takut ketularan lonte nya,bulliying
 hanya bisa melihat hujatan klean kasian si listy kontrak nya d copot   di hujat memang dunia sgt kejam ,Non-bullying,hujatan klean kasian si listy kontrak nya d copot hujat dunia sgt kejam,non-bulliying
 jangan beli baju lonte entar kena sial ,Bullying,beli baju lonte entar kena sial,bulliying
 dasar cewe lo itu lonte tau kau  ,Bullying,dasar cewe lo lonte tau kau,bulliying
 disini pada kenapa dah  aku gapaham tolong ,Non-bullying,dah gapaham tolong,non-bulliying
 itu ditengah manusia apa monyet kok kulitnya bercorak batik ,Bullying,ditengah manusia monyet kulitnya bercorak batik,bulliying
 muka lu sama anjing gwe  lebih ganteng anjing gwe rik ,Bullying,muka lu anjing gwe ganteng anjing gwe rik,bulliying
 buat kalian para pens lonte jgn tkut listi miskin krna dipecat  krna dia bsa kaya lgi  dgn cara ya nglonte ,Bullying,pens lonte jgn tkut listi miskin krna dipecat krna bsa kaya lgi dgn ya nglonte,bulliying
 etdah ninggalin yang baik demi lonte  situ waras mas wkwk ,Bullying,etdah ninggalin lonte situ waras mas wkwk,bulliying
 gw melihat cewek murahan di postingan ini ,Bullying,gw cewek murahan postingan,bulliying
 yang kedua dari sebelah kanan itu batik apa orang dah  kok warna nya kek taek babi si  ,Bullying,sebelah kanan batik orang dah warna nya kek taek babi si,bulliying
 ih ko muka jelek banget siii serem kek setan ,Bullying,ih ko muka jelek banget siii serem kek setan,bulliying
 itu yang foto ketiga jablay murahan bukan  ,Bullying,foto ketiga jablay murahan,bulliying
 jelek aja tukang selingkuh lo buriq      ,Bullying,jelek aja tukang selingkuh lo buriq,bulliying
 emang kalian se suci apa sampai nghina dia segitu nya ,Non-bullying,emang suci nghina segitu nya,non-bulliying
 mending yang follow pada unfollow udeh gausah ribet ,Non-bullying,mending follow unfollow udeh gausah ribet,non-bulliying
 dekil tatoan  mampus karir lo hancurr pantek ,Bullying,dekil tatoan mampus karir lo hancurr pantek,bulliying
 udah ada berlian malah milih batu nisan ,Bullying,udah berlian milih batu nisan,bulliying
 alasan setan ama setan  karna kalo setan sama bidadari  sayapnya rontok  diceker  digigit  dijambak  ,Bullying,alasan setan ama setan karna kalo setan bidadari sayapnya rontok diceker digigit dijambak,bulliying
 lagian juga erick gak ada akhlak jelek lagi listy juga jelek ,Bullying,erick gak akhlak jelek listy jelek,bulliying
 setan ma setan mahh emg cocokk udee ,Bullying,setan ma setan mahh emg cocokk udee,bulliying
 lonte kurus pucet kek mayat hidup ,Bullying,lonte kurus pucet kek mayat hidup,bulliying
 itu muka apa tutup panci wkwkekek jelek nya ampe ke ubun ubun ,Bullying,muka tutup panci wkwkekek jelek nya ampe ubun ubun,bulliying
  xrickolim smngat trus bro tiada manusia yg sempurna kmu pasti bisa bangkit n jadi lebih baik gbu keepstrong ,Non-bullying,xrickolim smngat trus bro tiada manusia yg sempurna kmu bangkit n gbu keepstrong,non-bulliying
 bego anak orang udah ga perawan noh gara  lu wkwkw ,Bullying,bego anak orang udah ga perawan noh gara lu wkwkw,bulliying
 frustasi  sudah habis uangnya  kasihannn ,Bullying,frustasi habis uangnya kasihannn,bulliying
 bro buat lu pada yg ngehujat erick tpi masih punya masala sendiri jangan sok keras ,Non-bullying,bro lu yg ngehujat erick tpi masala sok keras,bulliying
 semangat rick untuk usaha barunya ,Non-bullying,semangat rick usaha barunya,non-bulliying
 hadehh muka kaya tong sampah   ,Bullying,hadehh muka kaya tong sampah,bulliying
 banyak banget omongan kasar disini  tobat lah kawan kawan   cukup comment kasar nya ,Non-bullying,banget omongan kasar tobat kawan kawan comment kasar nya,non-bulliying
 ni org jelek ga ada obat kok jj mau liat apa ya   ,Bullying,ni org jelek ga obat jj liat ya,bulliying
 semangat bang  walaupun banyak orang yang ngejudge lu  jangan peduliin mereka ,Non-bullying,semangat bang orang ngejudge lu peduliin,non-bulliying
 tuhan yesus baik semangat rick ,Non-bullying,tuhan yesus semangat rick,non-bulliying
 jangan di bales komen hate bang bikin sakit jempol  mending lanjut berkarya   ,Non-bullying,bales komen hate bang bikin sakit jempol mending berkarya,non-bulliying
 eh lo nyadar ga   udah dekil terus tatoan  jadi nya kaya daki haha ,Bullying,eh lo nyadar ga udah dekil tatoan nya kaya daki haha,bulliying
 jelek dapet selingkuhan jelek juga keren yaa imbang wkkw ,Bullying,jelek dapet selingkuhan jelek keren yaa imbang wkkw,bulliying
 wah ngehina fisik ni orang ga bener ya wkwkwkwk ,Non-bullying,ngehina fisik ni orang ga bener ya wkwkwkwk,non-bulliying
 bunuh diri lah sono goblox ,Bullying,bunuh sono goblox,bulliying
 sabar semua komentar ini ujian ,Non-bullying,sabar komentar ujian,non-bulliying
 santai rick yg ngehujat lo belom tau perjalanan hidup lo aja  mereka hanya sok suci  ,Non-bullying,santai rick yg ngehujat lo belom tau perjalanan hidup lo aja sok suci,bulliying
 yang sabar yah tetep semangat ngejar karirnya jangan dengerin kata orang mereka cuma bisa ngebacot di komen doank ,Non-bullying,sabar yah tetep semangat ngejar karirnya dengerin orang ngebacot komen doank,non-bulliying
 erick masuk neraka jalur selingkuh bos ,Bullying,erick masuk neraka jalur selingkuh bos,bulliying
 trs berkarya walaupun brd di titik sprti ini ,Non-bullying,trs berkarya brd titik sprti,non-bulliying
 stop lah ngatain orang lain lu pada itu yg ngatain orang lain ngaca dlu sebelum ngatain kayak suci aja hidup lu pada ,Non-bullying,stop ngatain orang lu yg ngatain orang ngaca dlu ngatain kayak suci aja hidup lu,bulliying
 yang ngatain keknya idupnya gapernag bikin kesalahan ,Non-bullying,ngatain keknya idupnya gapernag bikin kesalahan,non-bulliying
 jadi gila kau rupanya karna gak laku lagi di youtube ,Bullying,gila kau karna gak laku youtube,bulliying
 kasian yah sdh stress banyak masalah ,Bullying,kasian yah sdh stress,bulliying
 kok jatohnya malah kek ajg sih rikkk ,Bullying,jatohnya kek ajg sih rikkk,bulliying
 karir turun jadi autis kasian hahah ,Bullying,karir turun autis kasian hahah,bulliying
 erick yang kek gini yang gua kangenin  keep it up bruuh ,Non-bullying,erick kek gini gua kangenin keep it up bruuh,bulliying
 udah mau autis iya bg awokawkk ,Bullying,udah autis iya bg awokawkk,bulliying
 kasian masih muda udah stresss ,Bullying,kasian muda udah stresss,bulliying
 banyak komen yg support malah ketutup yg hate bgst emang ig ,Non-bullying,komen yg support ketutup yg hate bgst emang ig,non-bulliying
 maudy cantik na natural bnr  cantik bgt  cantik luar dlm ,Non-bullying,maudy cantik na natural bnr cantik bgt cantik dlm,non-bulliying
 bikin konten youtube student life at standford  maudyayunda seperti waktu s  at oxford  fansmu pada nungguin nih  ,Non-bullying,bikin konten youtube student life at standford maudyayunda s at oxford fansmu nungguin nih,non-bulliying
 aura org pinter emg shining ya bun  hy dindut ,Non-bullying,aura org pinter emg shining ya bun hy dindut,bulliying
 paket lengkap deh   udh cantik pintar lagi ,Non-bullying,paket lengkap deh udh cantik pintar,non-bulliying
 sukaa bnget sm artis ini  nggak neko    dan natural bngett ,Non-bullying,sukaa bnget sm artis nggak neko natural bngett,non-bulliying
 cantik  pintar bertalenta  ortu mana yg gak kepengen punya anak kyk mba maudy ,Non-bullying,cantik pintar bertalenta ortu yg gak kepengen anak kyk mba maudy,non-bulliying
 idih mak lampir  dibanding uya ma lu  lu bagaikan butiran debu   lu dikenal karena bacot  rajin  ngaca deh ,Bullying,idih mak lampir dibanding uya ma lu lu butiran debu lu dikenal bacot rajin ngaca deh,bulliying
 anjirlah muka lo kek kuntilanak malah sok cantik ,Bullying,anjirlah muka lo kek kuntilanak sok cantik,bulliying
 mbak cadel yg bangga dengan cadelnya   harusnya sih kasihan karna cadel tapi lama  jadi jijik kenapa gak sekalian bisu aja ,Bullying,mbak cadel yg bangga cadelnya sih kasihan karna cadel jijik gak bisu aja,bulliying
 uda pinter  cantik gak kebanyakan tingkah  perfect ,Non-bullying,uda pinter cantik gak kebanyakan tingkah perfect,non-bulliying
 hati hati mody jangan keluar sendirian jaga jaga serangan brutal rasisme  wajahmu sekilas mirip onnie  korea  tetap waspada ,Non-bullying,hati hati mody jaga jaga serangan brutal rasisme wajahmu sekilas onnie korea waspada,non-bulliying
 bikin konten youtube daily activity di stanford dong kak  maudyayunda ,Non-bullying,bikin konten youtube daily activity stanford kak maudyayunda,non-bulliying
 motivasi ku ka maudy cantipp bngt ,Non-bullying,motivasi ku ka maudy cantipp bngt,non-bulliying
 semoga kecerdasan mbak maudy bermanfaat bagi agama  nusa  dan bangsa   aamiin ,Non-bullying,semoga kecerdasan mbak maudy bermanfaat agama nusa bangsa aamiin,non-bulliying
 damage nya cewek pinter gada lawann ,Non-bullying,damage nya cewek pinter gada lawann,non-bulliying
 cantikan waktu berisi dulu  sekarang kurus bgt  kurus begini auranya kurang ,Bullying,cantikan berisi kurus bgt kurus auranya,bulliying
 cantik sih  tapi sayang kurus ya  padahl udh nikah lo  kurang bahagia sama pernikahannya  ,Bullying,cantik sih sayang kurus ya padahl udh nikah lo bahagia pernikahannya,bulliying
 masih good vibes walaupun sedang lapar ,Non-bullying,good vibes lapar,non-bulliying
 kakak cantik bgt bismillah cerdasnya nular ,Non-bullying,kakak cantik bgt bismillah cerdasnya nular,non-bulliying
 bego lu  alam semesta dan seisinya pun serentak murka mendengarkan lagumu ,Bullying,bego lu alam semesta seisinya serentak murka mendengarkan lagumu,bulliying
 dua  nya cantik banget masya allah ,Non-bullying,nya cantik banget masya allah,non-bulliying
 ka nisa mirip ariana grande masa ,Non-bullying,ka nisa ariana grande,non-bulliying
 adiknya kak maudy  cantik  pinter  aura positifnya keluar  ramah  lemah lembut  rajin  sholeha ,Non-bullying,adiknya kak maudy cantik pinter aura positifnya ramah lemah lembut rajin sholeha,non-bulliying
 sekilas yg abu mirip ariana grande haha ,Non-bullying,sekilas yg abu ariana grande haha,non-bulliying
 yang satu nya mirip ariana grande ,Non-bullying,nya ariana grande,non-bulliying
 kakak sama adek sama sama cantik ya aku suka sama dua duanya ,Non-bullying,kakak adek cantik ya suka duanya,non-bulliying
 rambutnya kak modd bagussss  item berkilauu ,Non-bullying,rambutnya kak modd bagussss item berkilauu,non-bulliying
 cantik semua congrats kak msuk nominsi tc candler ,Non-bullying,cantik congrats kak msuk nominsi tc candler,non-bulliying
 maudy enak bet dah cantik iya pinter iya ,Non-bullying,maudy enak bet dah cantik iya pinter iya,non-bulliying
 kukira dedeknya berdiri itu mau mukul bang jer pake ukulele  ternyata aku salah salah    ,Non-bullying,kukira dedeknya berdiri mukul bang jer pake ukulele salah salah,non-bulliying
 bang jerome klo nyanyiny kek gini bagus suaranya ganyangkaaa ,Non-bullying,bang jerome klo nyanyiny kek gini bagus suaranya ganyangkaaa,non-bulliying
 sutan kamu sangat lucu dan menggemaskan ,Non-bullying,sutan lucu menggemaskan,non-bulliying
 bang sering sering dong buat vidio bareng sutan dia kayanya juga seneng ama bang jerom ,Non-bullying,bang vidio bareng sutan kayanya seneng ama bang jerom,non-bulliying
 klu  jeromepoline buat video tapi berdua aja seharian sama anak kecil  hahah lucu juga gimana riwehnya ,Non-bullying,klu jeromepoline video berdua aja seharian anak hahah lucu gimana riwehnya,non-bulliying
 muka lu kok cabul banget sih bg hahah ,Bullying,muka lu cabul banget sih bg hahah,bulliying
 dari raut mukanya aja udh terlihat seperti org kalah judi dan tidak pernah makan enak ,Bullying,raut mukanya aja udh org kalah judi makan enak,bulliying
 kak jerome kayak boneka tau hahah ,Non-bullying,kak jerome kayak boneka tau hahah,non-bulliying
 mukbang makanan sehat dong kak  salad jepang gituuu  ,Non-bullying,mukbang makanan sehat kak salad jepang gituuu,non-bulliying
 yakinin dulu niatnya bg  semoga sukses ,Non-bullying,yakinin niatnya bg semoga sukses,non-bulliying
 bang  aku nonton kamu setelah aku kerja di jepang  bermanfaat bgt kontennya jd gampang kalo mau nyari apa apa di jepang ,Non-bullying,bang nonton kerja jepang bermanfaat bgt kontennya jd gampang kalo nyari jepang,non-bulliying
 cuman rumus diet ini yg ga bisa dipecahka ya bang  ,Non-bullying,cuman rumus diet yg ga dipecahka ya bang,non-bulliying
 perut makin maju tpi semangat jangan tak maju ,Non-bullying,perut maju tpi semangat maju,non-bulliying
 pantesan kak jessica bilang bang jerom beruang wkwkwk ,Non-bullying,pantesan kak jessica bilang bang jerom beruang wkwkwk,non-bulliying
 aduhh susah klo urusan sma jerome rumus matematika terus bahasannya  apakah daya diriku yg lebih suka bhs inggris drpd matematika ,Non-bullying,aduhh susah klo urusan sma jerome rumus matematika bahasannya daya diriku yg suka bhs inggris drpd matematika,non-bulliying
 kaya tulus ya mukanya klo diliat  ,Non-bullying,kaya tulus ya mukanya klo diliat,non-bulliying
 kak jerome  bagi trik biar bisa paham dan ingat cepat rumus matematika  dung   ,Non-bullying,kak jerome trik biar paham cepat rumus matematika dung,non-bulliying
 baru x ini baca caption harus mikir dan pakai kalkulator cuyyy hahaha ,Non-bullying,x baca caption mikir pakai kalkulator cuyyy hahaha,non-bulliying
 sumpah si kak  kemeja jeans bikin keliatan seger bgt mantap mantap ,Non-bullying,sumpah si kak kemeja jeans bikin keliatan seger bgt mantap mantap,non-bulliying
 mirip ama aktor korea yg main di film reply      yg jadi kaka nya jung hwan wkwk ,Non-bullying,ama aktor korea yg main film reply yg kaka nya jung hwan wkwk,non-bulliying
 iya bang jer terlihat berbeda klo pake style kayak gini lebih terlihat fresh anak gaul ,Non-bullying,iya bang jer berbeda klo pake style kayak gini fresh anak gaul,non-bulliying
 klo style ke gini pas gitu bang sma umur lu yg msh muda keliatan lbh fresh aja sesuai sma umur ,Non-bullying,klo style gini pas gitu bang sma umur lu yg msh muda keliatan lbh fresh aja sesuai sma umur,non-bulliying
 kok makin dewasa makin imutt aih cipaaaaaa ,Non-bullying,dewasa imutt aih cipaaaaaa,bulliying
 maniss bangettt pengen dah punya senyuman manis kayak ka syifaaa ,Non-bullying,maniss bangettt pengen dah senyuman manis kayak ka syifaaa,non-bulliying
 nih orang manis bnget sihh ga ngerti lagi ,Non-bullying,nih orang manis bnget sihh ga ngerti,non-bulliying
 kakak pinter nyanyi ya  syifahadjureal  suaranya bagus kak ,Non-bullying,kakak pinter nyanyi ya syifahadjureal suaranya bagus kak,non-bulliying
 gk salah kalo kak syifa cantik mamahnya aja cantik bgtt   jujurr ,Non-bullying,gk salah kalo kak syifa cantik mamahnya aja cantik bgtt jujurr,non-bulliying
 lelaki yg mendapatkan km  adalah lelaki yg beruntung  ,Non-bullying,lelaki yg km lelaki yg beruntung,non-bulliying
 kamu mirip bgt ayahmu kalo adikmu mirip bgt mamamu ,Non-bullying,bgt ayahmu kalo adikmu bgt mamamu,non-bulliying
 kakak udah cantik sii  tapi cantikan lagi kalo pake hijab ,Non-bullying,kakak udah cantik sii cantikan kalo pake hijab,non-bulliying
 gemeshh rasanya kaya aku pengen cubit ,Non-bullying,gemeshh kaya pengen cubit,non-bulliying
  angelkmgi ini paling cute sih  ganteng parah msh kecil jg ,Non-bullying,angelkmgi cute sih ganteng parah msh jg,non-bulliying
 pengen gw pacul mulut lo   woii anjeng busuk ,Bullying,pengen gw pacul mulut lo woii anjeng busuk,bulliying
 sering blg ke org  artis cewek yg menurutku paling cantik syifa sama ziu ,Non-bullying,blg org artis cewek yg menurutku cantik syifa ziu,non-bulliying
 ka cipa tu uda cantik  baik  manis bgt pula  manisnya tu nglebihin gula ,Non-bullying,ka cipa tu uda cantik manis bgt manisnya tu nglebihin gula,non-bulliying
 dilihat sekilas pun tampak jelas kalau cantikkan syifa ,Non-bullying,sekilas cantikkan syifa,non-bulliying
 setuju g sih  si dia tetep cntik bgt meski g pke make up  lah aku g pke make up pucet bgt kyk g makan setahunn ,Non-bullying,setuju g sih si tetep cntik bgt g pke make up g pke make up pucet bgt kyk g makan setahunn,non-bulliying
 dahlahh emang cantik luar dalam kmu ini cippp ,Non-bullying,dahlahh emang cantik kmu cippp,non-bulliying
 muka cantik tanpa make up hini  bahagia bgt kali ya yg jadi suaminya  bisa liat bidadari setiap harinya  ,Non-bullying,muka cantik make up hini bahagia bgt kali ya yg suaminya liat bidadari harinya,non-bulliying
 suka bgtt sm kak cipaa   orangnya humble sm semua orang dan banyak temannya juga ,Non-bullying,suka bgtt sm kak cipaa orangnya humble sm orang temannya,non-bulliying
 artis remaja di indonesia yg manis bgt kalo senyum cuma dia deh perasaan yg nempel di hati ,Non-bullying,artis remaja indonesia yg manis bgt kalo senyum deh perasaan yg nempel hati,non-bulliying
 aku doakan perempuan baik yg bernama nagita selalu sehat  bahagia lahir batin  dan banyak yang sayang sm dia   ,Non-bullying,doakan perempuan yg bernama nagita sehat bahagia lahir batin sayang sm,non-bulliying
 rafathar nya mantull ni  pulang nggk jd nginep karna nggk ada temen mamany d rmh papany belum pulangg   jd jagain dan temenin mama dulu  ya aa ,Non-bullying,rafathar nya mantull ni pulang nggk jd nginep karna nggk temen mamany d rmh papany pulangg jd jagain temenin mama ya aa,non-bulliying
 kultur kerja kaya gini menurut gw bagus si ga kapitalis banget  petingginya juga ikut kerja misal ngevlog atau endors  semoga gaji juga ga senjang si haha ,Non-bullying,kultur kerja kaya gini gw bagus si ga kapitalis banget petingginya kerja ngevlog endors semoga gaji ga senjang si haha,non-bulliying
 pantas pada senang kerja di rans   mbak gigi nggak ngebossy   ,Non-bullying,senang kerja rans mbak gigi nggak ngebossy,non-bulliying
 seneng yaa lihat orang sukses meeting  ya allah pengen sukses kayak gitu biar ada status di instastory ,Non-bullying,seneng yaa lihat orang sukses meeting ya allah pengen sukses kayak gitu biar status instastory,non-bulliying
 smga semua kelg dan crew sehat semua   dan rejeki trs lancar ya kak gigi   ,Non-bullying,smga kelg crew sehat rejeki trs lancar ya kak gigi,non-bulliying
 fokus ke nagita pas mau minum masih sempet baca doa  keren bgt hasil dari didikan orang tua nya ,Non-bullying,fokus nagita pas minum sempet baca doa keren bgt hasil didikan orang tua nya,non-bulliying
 kasihan ya   nagita punya suami kerjaannya berzinah terus ,Bullying,kasihan ya nagita suami kerjaannya berzinah,bulliying
 koreaable banget face rafathar cakep ganteng manis banget ,Non-bullying,koreaable banget face rafathar cakep ganteng manis banget,non-bulliying
 masyaallah rafathar tambah besar makin tambah ganteng bgt gk kuat ngeliat alisny  ,Non-bullying,masyaallah rafathar ganteng bgt gk kuat ngeliat alisny,non-bulliying
 kok mirip siwon ya lama   apa perasaan gw aja  ,Non-bullying,siwon ya perasaan gw aja,non-bulliying
 lucunya berasa kayak kaka dan adek ,Non-bullying,lucunya berasa kayak kaka adek,non-bulliying
 itu wajah nagita kya masih umur   an ,Non-bullying,wajah nagita kya umur an,non-bulliying
 foto no edit edit ya saayy kamera nyaa bening    model fotonya pun juga bening gak perlu pakai filter tipu tipu ,Non-bullying,foto no edit edit ya saayy kamera nyaa bening model fotonya bening gak pakai filter tipu tipu,bulliying
 look nya rafathar emang gak bisa dipungkiri  diborong gen mama gigi semua haha  ,Non-bullying,look nya rafathar emang gak dipungkiri diborong gen mama gigi haha,non-bulliying
 nagita masa kaya anak muda coba cantikk bangeett ,Non-bullying,nagita kaya anak muda coba cantikk bangeett,non-bulliying
 masyaallah mamany cantik anakny ganteng  perfect ,Non-bullying,masyaallah mamany cantik anakny ganteng perfect,non-bulliying
 kaya adek kakak   kak gigi keliatan muda banget ,Non-bullying,kaya adek kakak kak gigi keliatan muda banget,non-bulliying
 tambah gede aja rafathar ya tambah pinter ya rafathar ,Non-bullying,gede aja rafathar ya pinter ya rafathar,non-bulliying
 mama gigi kalau rambutnya agak pirang tambah cantik dan tampak lebih muda ,Non-bullying,mama gigi rambutnya pirang cantik muda,non-bulliying
 ootd mama gigi simple tapi elegan dilihat nya  masyaallah ,Non-bullying,ootd mama gigi simple elegan nya masyaallah,non-bulliying
 masyaallah mamah gigi bening bet dah  sehat selalu mamah gigi dn keluarga ,Non-bullying,masyaallah mamah gigi bening bet dah sehat mamah gigi dn keluarga,non-bulliying
 mama gigi ketemu gajah  gajahnya seneng sampai ketawa gitu ahhaha  ,Non-bullying,mama gigi ketemu gajah gajahnya seneng ketawa gitu ahhaha,non-bulliying
 ya allah ga tau knp ak suka setiap lihat nagita pake dress modelnya cakep cakep ,Non-bullying,ya allah ga tau knp ak suka lihat nagita pake dress modelnya cakep cakep,non-bulliying
 i see beauty in everything mba gigi sehat selalu sama dede bayi nya ,Non-bullying,i see beauty in everything mba gigi sehat dede bayi nya,non-bulliying
 mama gigi cantik banget  look younger than her age   love mama gigi ,Non-bullying,mama gigi cantik banget look younger than her age love mama gigi,non-bulliying
 semoga adeknya rafathar menjadi anak yang tangguh kuat cerdas ,Non-bullying,semoga adeknya rafathar anak tangguh kuat cerdas,non-bulliying
 pakaian apapun yg dipake mama gigi selalu keceee ,Non-bullying,pakaian apapun yg dipake mama gigi keceee,non-bulliying
 terima kasih kak nagita  raffinagita     sudah support molly si gajah dan satwa satwa di bali zoo lainnya dengan kunjungannya bersama keluarga ,Non-bullying,terima kasih kak nagita raffinagita support molly si gajah satwa satwa bali zoo kunjungannya keluarga,non-bulliying
 kaya ny gajahnya merasakan aura positif nya mb gigi itu  kelihatan sumringah jg gajahnya loo   ,Non-bullying,kaya ny gajahnya merasakan aura positif nya mb gigi sumringah jg gajahnya loo,non-bulliying
 manis banget mbak gigi   masya allah   hamil semakin bersinar   ,Non-bullying,manis banget mbak gigi masya allah hamil bersinar,non-bulliying
 mama gigi gapernah ga cantik sih kalo menurut aku  ,Non-bullying,mama gigi gapernah ga cantik sih kalo,non-bulliying
 semoga sehat selalu bayi dalam kandungan nya sama ibunya ya  ,Non-bullying,semoga sehat bayi kandungan nya ibunya ya,non-bulliying
 cantik banget semoga sehat selalu kakak panutan ,Non-bullying,cantik banget semoga sehat kakak panutan,non-bulliying
 masyaallah selalu mempesona baik kaum adam maupun kaum hawa ,Non-bullying,masyaallah mempesona kaum adam kaum hawa,non-bulliying
 gak ada orang lain yang bangun tidur siang secantik ini selain ka yaya ,Non-bullying,gak orang bangun tidur siang secantik ka yaya,non-bulliying
 makin tua makin muda yehh mukanya  mana cantik bngett mo nangiss ampun cantik terus ka yaya ,Non-bullying,tua muda yehh mukanya cantik bngett mo nangiss ampun cantik ka yaya,non-bulliying
 gapaham lagi cakeup nya natural masyaallah ,Non-bullying,gapaham cakeup nya natural masyaallah,non-bulliying
 raisa mah tipe cantik tapi sopan santun pakaiannya ,Non-bullying,raisa mah tipe cantik sopan santun pakaiannya,non-bulliying
 ka yayaaa  why are you always stunning pretty girl  ,Non-bullying,ka yayaaa why are you always stunning pretty girl,non-bulliying
 ya allah ni orang apa peri  cantik amatt ,Non-bullying,ya allah ni orang peri cantik amatt,non-bulliying
 kenapa cantik banget aku heran dilihat dari samping kanan kiri depan dll tetep aja cantik ,Non-bullying,cantik banget heran samping kanan kiri dll tetep aja cantik,non-bulliying
 bisa berhenti cakep ga kakk  pusingggg ih ,Non-bullying,berhenti cakep ga kakk pusingggg ih,non-bulliying
 cantik bajunya keren warnanya bikin pangling ,Non-bullying,cantik bajunya keren warnanya bikin pangling,non-bulliying
 sudah dongggg dan sudah di liked juga   congratulations ,Non-bullying,dongggg liked congratulations,bulliying
 udaaaahh nontonnnnn   lagunya bajunya makeup dan hairdo nyaaa sukaakkkk ,Non-bullying,udaaaahh nontonnnnn lagunya bajunya makeup hairdo nyaaa sukaakkkk,non-bulliying
 raisa sekarang ngak monoton   jadi suka deh   sering  kek gini   ,Non-bullying,raisa ngak monoton suka deh kek gini,non-bulliying
 udah dong  lagi ngunyah aja cute banget ,Non-bullying,udah ngunyah aja cute banget,non-bulliying
 penyihir secantik ini gue rela dikutuk jadi tokek laut ,Non-bullying,penyihir secantik gue rela dikutuk tokek laut,non-bulliying
 ya ampun kak makan apa sih kok bisa cantik banget ,Non-bullying,ya ampun kak makan sih cantik banget,non-bulliying
 ya allah kek anak yg msh batita klo lg ngambek manyunnya begitu  gemes hahaha ,Non-bullying,ya allah kek anak yg msh batita klo lg ngambek manyunnya gemes hahaha,non-bulliying
 aku udah  dan sumpah bagus banget  serasa liat cerita disney gitu ,Non-bullying,udah sumpah bagus banget serasa liat cerita disney gitu,non-bulliying
 lu lebih gak sopan  mukak lu kayak babi  ,Bullying,lu gak sopan mukak lu kayak babi,bulliying
 ya allah kenapa begitu sempurna sih ciptaanmu yg satu in ,Non-bullying,ya allah sempurna sih ciptaanmu yg in,non-bulliying
 ragu aja cantiknya udh kek gini  gmn kl yakin yak  cantiknya kek apa  heran ,Non-bullying,ragu aja cantiknya udh kek gini gmn kl yak cantiknya kek heran,bulliying
 bukan keliatan ragu  tapi keliatan cantik ,Non-bullying,keliatan ragu keliatan cantik,non-bulliying
 warna yang paling bikin raisa makin shinning itu merah  hitam  putih  pink and emerald ,Non-bullying,warna bikin raisa shinning merah hitam putih pink and emerald,non-bulliying
 raisa pake baju merah sumpahh cantik bgttt ,Non-bullying,raisa pake baju merah sumpahh cantik bgttt,non-bulliying
 liriknya pendek tp susah di hafal pas awal awal  begitu di puter beberapa kali eh kok candu banget ,Non-bullying,liriknya pendek tp susah hafal pas puter kali eh candu banget,non-bulliying
 demi apa  kak yaya gk pernah ngeraguin para pendengar lagu  nya ,Non-bullying,kak yaya gk ngeraguin pendengar lagu nya,non-bulliying
 ka yaya kalo ragu tetep secantik itu yah     ,Non-bullying,ka yaya kalo ragu tetep secantik yah,non-bulliying
 ragu aja cantik kan kak  apalagi kalau serius ,Non-bullying,ragu aja cantik kak serius,non-bulliying
 ngga alay  ngga muluk muluk  natural  sukaaaa,Non-bullying,ngga alay ngga muluk muluk natural sukaaaa,non-bulliying
 seru bgt gemoy  tim berkebun plus tim alam bgt niiii ,Non-bullying,seru bgt gemoy tim berkebun plus tim alam bgt niiii,non-bulliying
 nikmatnya bisa menghirup oksigen dengan bebas ya    ,Non-bullying,nikmatnya menghirup oksigen bebas ya,non-bulliying
 slide kedua mukanya mau gaya apa aja tetep cantikk ,Non-bullying,slide mukanya gaya aja tetep cantikk,non-bulliying
 mba isyana foto gelap an gini aja aesthetic bgt ya ,Non-bullying,mba isyana foto gelap an gini aja aesthetic bgt ya,non-bulliying
 mba isyana udah cantik suaranya bagus kompeten pula  ah sukaaaa ,Non-bullying,mba isyana udah cantik suaranya bagus kompeten ah sukaaaa,non-bulliying
 ga taulah aku juga suka banget sama gayanya isyan ,Non-bullying,ga taulah suka banget gayanya isyan,non-bulliying
 kangen nonton konser isyan secara lgsg  meskipun msh bisa virtual  cuma experience nya lebih dapat aja gitu ,Non-bullying,kangen nonton konser isyan lgsg msh virtual experience nya aja gitu,non-bulliying
 congrats ka  isyanasarasvati  terus berkarya  makin sukses  dan terus mnjd inpirasi kita semua  ,Non-bullying,congrats ka isyanasarasvati berkarya sukses mnjd inpirasi,non-bulliying
 congrats kak  kamu memang pantes mendapatkannya ,Non-bullying,congrats kak pantes mendapatkannya,non-bulliying
 saya berharap kak  isyanasarasvati panjang umur  sehingga bisa jadi inspirasi untuk musisi seluruh indonesia  saya suka musik indonesia dengan adanya kak isyana ,Non-bullying,berharap kak isyanasarasvati umur inspirasi musisi indonesia suka musik indonesia kak isyana,non-bulliying
 udah cantik  rada gesrek tapi ya ini banyak kelebihannya  semangat tetap produktif ,Non-bullying,udah cantik rada gesrek ya kelebihannya semangat produktif,non-bulliying
 gatau lagi  serasa nonton wtf beneran di jkt meski virtual and thankyouu for the performance kak syan  selalu keren dan pecah  tak pernah sekalipun mengecewakan ,Non-bullying,gatau serasa nonton wtf beneran jkt virtual and thankyouu for the performance kak syan keren pecah mengecewakan,non-bulliying
 walaupun ga pernah lihat ka isyana live beneran di panggung  tp aku terpesona bgt ama live virtual asli keren ,Non-bullying,ga lihat ka isyana live beneran panggung tp terpesona bgt ama live virtual asli keren,non-bulliying
 yash we the fest even virtual tapi tetep keren bgt kak syann huaaa energi nya dpt bgt ,Non-bullying,yash we the fest even virtual tetep keren bgt kak syann huaaa energi nya dpt bgt,non-bulliying
 keren banget    walaupun sebentar tapi mantap abis  ditunggu karya selanjutnya ya kak  stay safe and healthy isyana ku ,Non-bullying,keren banget sebentar mantap abis ditunggu karya ya kak stay safe and healthy isyana ku,non-bulliying
 makaseh jugaa kakaaa inyeeuuuu semoga aku bisa pantang menyerah seperti kakak dan teman musisi lainnya yaaa ,Non-bullying,makaseh jugaa kakaaa inyeeuuuu semoga pantang menyerah kakak teman musisi yaaa,non-bulliying
 thank you juga  syan  seneng banget kemarin haha  semoga setelah pandemi ini  semua rencana dilancarkan ya  syan  ,Non-bullying,thank you syan seneng banget kemarin haha semoga pandemi rencana dilancarkan ya syan,non-bulliying
 hua seneng bgt kmrn walaupun cuma    menitan tp seneng liat isyan  adaptasi kebiasaan baruku semoga bisa lebih teratur maemnya  ditunggu karya selanjutnya kaka ,Non-bullying,hua seneng bgt kmrn menitan tp seneng liat isyan adaptasi kebiasaan baruku semoga teratur maemnya ditunggu karya kaka,non-bulliying
 senang akhirnya indonesia bisa mempunyai musisi idealis berkualitas tinggi yg masih bisa terus berkarya   diapresiasi oleh banyak orang  ,Non-bullying,senang indonesia musisi idealis berkualitas yg berkarya diapresiasi orang,non-bulliying
 berharap bisa menghadirkan musisi dgn genre yang lain dr yg sudah ada di industri  biar musik indonesia lebih berwarna ,Non-bullying,berharap menghadirkan musisi dgn genre dr yg industri biar musik indonesia berwarna,non-bulliying
 congrats kak isyan semoga semua impian impian baiknya segera bisa terwujud aamiin ,Non-bullying,congrats kak isyan semoga impian impian baiknya terwujud aamiin,non-bulliying
 bener bener idola  dr musisi yang dipandang sebelah mata sampe buat label musik sendiri  congrats syan ,Non-bullying,bener bener idola dr musisi dipandang sebelah mata sampe label musik congrats syan,non-bulliying
 congrats kak isyan semoga karya nya apa yg dilakukan kakak sukses teruss ,Non-bullying,congrats kak isyan semoga karya nya yg kakak sukses teruss,non-bulliying
 orang ini terlihat sangat sangat stres dan gila ,Bullying,orang stres gila,non-bulliying
 gua kalai jadi tuhan gaakan gua jadiin dia ini manusia  lebih pante ga hidup ini orang di dunia  akhlaknya gaada tolol bangsat ,Bullying,gua kalai tuhan gaakan gua jadiin manusia pante ga hidup orang dunia akhlaknya gaada tolol bangsat,bulliying
 biasa nya aq nangis kalo lagu nya seiihh  kalo sekarang nangis karna saking bagus nya lagu nya ,Non-bullying,nya aq nangis kalo lagu nya seiihh kalo nangis karna saking bagus nya lagu nya,non-bulliying
 definisi minat ketemu bakat ketemu kerja keras ,Non-bullying,definisi minat ketemu bakat ketemu kerja keras,non-bulliying
  vnagstn astaga si isyana keren banget ini  bisa ada musisi lokal yang selera musiknya kayak gini ,Non-bullying,vnagstn astaga si isyana keren banget musisi lokal selera musiknya kayak gini,non-bulliying
 mashaallah  udh cantik  pinter  jago nyanyi dn mainin alat musik pula neng  isyanasarasvati ngefans bener ini mah ,Non-bullying,mashaallah udh cantik pinter jago nyanyi dn mainin alat musik neng isyanasarasvati ngefans bener mah,non-bulliying
 gilaaaa   gila   gilaaaa tangan  kaki  ekspresi  n emosi tertuang adi suatu karya yg fantastis ,Non-bullying,gilaaaa gila gilaaaa tangan kaki ekspresi n emosi tertuang adi karya yg fantastis,non-bulliying
 gosh  tiap kali lihat isyana mainin alat musik kaya lihat jiwanya beda  merinding gila  kaya kepribadiannya jadi serius bangett ,Non-bullying,gosh kali lihat isyana mainin alat musik kaya lihat jiwanya beda merinding gila kaya kepribadiannya serius bangett,non-bulliying
 sumpah demi allah bagus bangett kereennn merinding ak nya   dengerin sampe abis tiba  aja ampe netesin air mata ,Non-bullying,sumpah allah bagus bangett kereennn merinding ak nya dengerin sampe abis aja ampe netesin air mata,non-bulliying
 aku memutuskan untuk menjadi fans isyana  gila keren banget ya  otak mereka berdua bisa berfungsi dg menjalankan perintah ke tangan dan kaki  di waktu bersamaan ,Non-bullying,memutuskan fans isyana gila keren banget ya otak berdua berfungsi dg menjalankan perintah tangan kaki bersamaan,non-bulliying
 amzing isyanaa   jujur aku amazed banget dengan skill dan minat isyana dalam bermusik  ga cuma bernyanyi tapi main alat musik pun jago banget ,Non-bullying,amzing isyanaa jujur amazed banget skill minat isyana bermusik ga bernyanyi main alat musik jago banget,non-bulliying
 paling ngiri liat orang keren maen alat musik dan dalem banget nikmatin permainan sendiri ,Non-bullying,ngiri liat orang keren maen alat musik dalem banget nikmatin permainan,non-bulliying
 sampe ga bisa berkata  lagi buat isyana  sangat  sempurna org ini ,Non-bullying,sampe ga isyana sempurna org,non-bulliying
 inimah bukan main alat musik lagi  olahraga jari dan kaki ini mah ,Non-bullying,inimah main alat musik olahraga jari kaki mah,non-bulliying
